# Single-sighting backlog, built from tag-tree-open-gaps.md on 2026-09-24 (Rule C). Size bound: one row per parked note, ~500 rows.
# status: open | built rNNN <mode> | existing rNNN <mode> | skip: <why> | check: <why>
status	gaps_line	ref	kind	game	parked_on	review_ids	dir	proposed	quote
built r397 marketing.reputation.judges-the-studio-by-its-country	2158	gap 74	open-gap	redfall	.studio-lost-my-trust	215496457	?	studio's home country predicts the support you get (buying rule)	So check where the game you're interested in was made and manage your expectations accordingly.
existing r397 fits marketing.reputation.judged-unfairly (the console war is the cause; the tree records the feeling)	2178	gap 75	open-gap	redfall	.judged-unfairly	221761266	?	console war decided its reception before anyone played it	What really killed this game was the xbox vs playstation war
existing r397 fits art.visual-direction.look-undersells-the-game	2343	gap 84	open-gap	the-anacrusis	.look-undersells-the-game	108065081	-	branding is why nobody found it (discovery: never reached anyone)	this game never really took off, which I personally think is largely a branding issue
existing r397 re-homed to accessibility.hearing.the-subtitles-do-not-match-the-speech	2503	gap 92	one-sighting	the-anacrusis	accessibility.hearing.unknown	117387804	-	closed captions exist but are inaccurate / wrong	being inaccurate and lacking spell checking.
built r397 accessibility.memory-and-attention.a-player-with-a-named-condition-says-it-works	7050	gap 323	one-sighting	back-4-blood	accessibility.memory-and-attention.unknown	232385617	+	a player who names a cognitive condition says the game works for them (*works for me*)	It's more complicated than L4D but if you are autistic then you can get a hold of it.
built r397 narrative.story.told-during-the-fighting-so-it-is-lost	7862	round 307	one-sighting	space-marine-2	accessibility.memory-and-attention.unknown	189003013	-	story delivered during combat is lost	Lore, audio logs, and story dialogues were lost on me.
built r397 game-design.game-feel.controls.aim-assist-helps	3719	gap 138	one-sighting	terminull-brigade	accessibility.motor.unknown	202527914	+	aim assist works well	+ Good aim assist.
built r397 accessibility.vision.flashing-that-endangers-photosensitive-players	7817	round 305	one-sighting	space-marine-2	accessibility.vision.unknown	182195498	-	flashing lights: a seizure risk for photosensitive players	
built r397 accessibility.vision.the-motion-sickness-options-miss-some-of-it	8354	round 329	one-sighting	remnant-2	accessibility.vision.unknown	152602378	-	accessibility.vision.the-motion-sickness-options-miss-some-of-it	they don't include the spinning loading screens and elevators, or the sprint POV change.
built r397 accessibility.vision.flashing-that-endangers-photosensitive-players	8887	round 369	one-sighting	risk-of-rain-2	accessibility.vision.unknown	152614012	-	a missing photosensitivity/epilepsy warning	there should definitely be an epilepsy warning somewhere in the game
built r397 game-design.ai-teammates.a-living-bot-does-not-keep-the-mission-alive	7773	round 303	one-sighting	space-marine-2	ai-teammates.unknown	179603532	-	a bot teammate alive does not keep the mission alive	Mission fails if two players die and an AI is still alive.
existing r397 re-homed to game-design.ai-teammates.bots-play-it-for-you	7927	round 310	one-sighting	space-marine-2	ai-teammates.unknown	204978219	-	the bots do the fighting and you run the errands	you wind up being a dogsbody whilst your AI team mates do the actual fighting.
built r397 art.atmosphere.too-many-enemies-to-keep-the-mystery	2092	gap 71	open-gap	redfall	art.atmosphere.falls-flat	165222785	-	so many enemies the place stops being mysterious	It would have been better to use the enemies more sparingly
built r397 game-design.world-interaction.the-hub-feels-empty	5720	gap 248	open-gap	aliens-fireteam-elite	art.atmosphere.falls-flat	226234220	-	the hub is full of people and none of them do anything	The marine ship feels dead, een though there are some marines on board there is simply no interaction whatsoever.
built r397 game-design.ui-ux.the-game-outlines-every-enemy-for-you	6790	gap 308	build-on-third	aliens-fireteam-elite	art.atmosphere.a-tool-undoes-the-mood	223871859	-	the game marks/outlines the enemies for you (second sighting parked on art.visual-direction.off-putting-look)	if you press mouse 2 to aim, all aliens get a yellow silhouet marking so on top off all it looks like ass too.
built r397 art.character-design.embarrassing-to-have-on-screen-around-others	3372	gap 124	one-sighting	terminull-brigade	art.character-design.cast-is-off-putting	201520607	-	game not safe to have on screen with family in the room	I literally had to turn off the game because I didn't feel okay launching it with my family around.
built r397 game-design.progression.build-and-customisation.the-options-for-one-gender-are-poor	6288	gap 277	open-gap	aliens-fireteam-elite	art.character-design.unknown	192686658	-	the character creator's options for one gender are poor	The female character options leave a lot to be desired, they all look very masculine
built r397 art.character-design.a-known-creature-does-not-look-like-itself	6676	gap 299	open-gap	aliens-fireteam-elite	art.character-design.unknown	224924454	-	the creature does not look like itself (wrong model)	all of the Xenos just look wrong... I feel like I am just blowing away waves of chimpanzees dressed in Alien costumes.
built r397 game-design.progression.cosmetic-rewards.the-outfits-make-you-look-silly	7222	gap 336	one-sighting	arc-raiders	art.character-design.cast-is-off-putting	214041904	-	the cosmetics make the player look ridiculous	be ready to look like an absolute goofy doofus with there character customization/apparel.
built r397 art.effects-and-gore.too-little-gore	6359	gap 282	open-gap	aliens-fireteam-elite	art.effects-and-gore.unknown	202170940	-	not enough gore for the source it adapts	There is way too less gore in this game. To get authentic Alien feeling, maximum gore is mandatory.
existing r398 stays on art.effects-and-gore.unknown (the line says nothing either way)	8909	round 370	one-sighting	risk-of-rain-2	art.effects-and-gore.unknown	161302917	~	Lights and colors - nothing said either way	Lights and colors
built r398 narrative.story.cutscenes-are-well-made	2277	gap 80	open-gap	redfall	art.visual-direction.looks-well-directed	223348343	+	`narrative.story.cutscenes-are-well-made`	awesome intro cinematic
built r398 art.visual-direction.the-style-looks-like-a-budget-choice	2686	gap 99	one-sighting	the-anacrusis	art.visual-direction.forgettable-look	130354249	-	art style reads as a budget decision, not an artistic choice	Did they go with the retro 60's style because it was easier? Sure doesn't look better.
built r398 audio.mixing.the-opening-is-far-louder-than-the-game	4032	gap 153	one-sighting	terminull-brigade	audio.mixing.unknown	203081549	-	one part (intro) far louder than the rest of the game	Your intro volume is stupid. Match it with the rest of the game.
built r398 audio.mixing.the-opening-is-far-louder-than-the-game	4374	gap 166	one-sighting	terminull-brigade	audio.mixing.unknown	214212484	-	game opens at a volume that startles the player	
built r398 audio.mixing.the-sound-plays-in-one-ear-only	8588	round 343	one-sighting	remnant-2	audio.mixing.unknown	229855395	-	directional audio plays only in the left ear while running	
built r398 audio.music.jumps-between-styles-with-no-theme	3230	gap 117	one-sighting	the-anacrusis	audio.music.unknown	207628501	-	music has no consistent theme, jumps between genres	It makes the whole game feel like it has no theme.
built r398 audio.music.best-played-with-your-own-music	6219	gap 274	open-gap	aliens-fireteam-elite	audio.music.unknown	188826495	?	the player supplies the soundtrack; game does not get in the way	
built r398 audio.music.cuts-in-and-out	8075	round 317	one-sighting	remnant-2	audio.music.unknown	143173256	-	music cuts in and out (transition defect)	really good music but cuts in and out weirdly and abruptly.
skip: the 'first game had X' tally is open with Rico	8700	round 357	watch	risk-of-rain-2	audio.music.forgettable-or-annoying	93823566	-	the first game had X pattern (Rico-open) - the first game was a different genre and its music was phenomenal	
built r398 audio.sound-effects.the-world-sounds-alive	1972	gap 66	open-gap	redfall	audio.sound-effects.unknown	138780276	+	ambient world sound builds the place	environmental sound design. Just roam through the neighborhood and listen to it
built r398 audio.sound-effects.a-sound-wears-you-down	6383	gap 284	open-gap	aliens-fireteam-elite	audio.sound-effects.unknown	197325200	-	a weapon's sound stops the player using it	the way it sounded when shooting just REALLY grated on my ears. Can't stand those two guns.
built r398 audio.sound-effects.a-sound-wears-you-down	8227	round 323	one-sighting	remnant-2	audio.sound-effects.unknown	145398201	-	sound-effects.a-sound-that-wears-you-down	It is irritating and makes people have headache, worst map ever.
built r398 audio.mixing.opens-at-a-comfortable-volume	8410	round 331	one-sighting	remnant-2	audio.sound-effects.unknown	155513808	+	audio.sound-effects.the-menu-is-not-deafening	A modern game that does not blow out your eardrums when you first open it 10/10.
built r398 audio.sound-effects.sounds-great	9121	round 380	one-sighting	risk-of-rain-2	audio.sound-effects.unknown	224994808	+	sound design praise with nothing named	the sound design is peak
built r398 community.developer-communication.will-not-say-where-it-used-ai	7103	gap 327	one-sighting	arc-raiders	audio.voice-performance.unknown	208435714	-	the studio is unclear about where it used AI voice work; credit the cast	they're not getting more money or time from me until they give full credit to their voice cast
existing r398 stays on the-voices-are-generated-and-it-shows (the line ends on the sound being bland)	7236	gap 327/334	build-on-third	arc-raiders	audio.voice-performance.the-voices-are-generated-and-it-shows	216643504	-	ethics half: studio replaced its cast with AI and pay is unclear (not a refusal)	Embark made the decision to train AI to use and recreate the voices of voice actors... a really scummy practise
built r398 audio.voice-performance.should-have-paid-voice-actors	7318	gap 327/334	open-gap	arc-raiders	audio.voice-performance.the-voices-are-generated-and-it-shows	220131803	-	objects to how the cast was treated (AI voices), without refusing the game	stop being such cheap losers, pay some voice actors.
built r398 audio.voice-performance.the-players-lines-are-the-only-ones-unvoiced	8457	round 333	one-sighting	remnant-2	audio.voice-performance.unknown	165433529	-	voice-performance.the-players-lines-are-the-only-ones-unvoiced	why the lines I pick aren't voiced, when everything else is.
existing r398 fits build-and-customisation.cannot-change-how-you-look (the backpack cannot come off)	8588	round 343	one-sighting	remnant-2	build-and-customisation.cannot-change-how-you-look	228040776	-	cannot remove the backpack from the character (quit over it)	
built r399 review.tells-other-reviewers-how-to-vote	907	gap 21	open-gap	helldivers-2	community.culture.unknown	165433162	?	`community.culture.reviewers-organise-each-other`	Do not change your review to a positive one again. This is not the end.
built r399 review.the-thumb-is-aimed-at-other-players (new bullet; the fanbase bullet stays)	1172	gap 27	open-gap	helldivers-2	community.culture.the-fanbase-puts-me-off	171715487	?	`review.thumb-is-aimed-at-other-players`	超级叛徒只配超级差评 (super traitors deserve only super negative reviews)
built r399 community.culture.players-sorted-themselves-into-groups	7188	gap 333	one-sighting	arc-raiders	community.culture.unknown	209803514	+	the players organised themselves into factions (praise)	The community has 'fractions'... And the community did it all by themselves!
built r399 community.culture.the-players-map-the-secrets-together	8175	round 321	one-sighting	remnant-2	community.culture.unknown	144280701	+	community.culture.the-players-map-the-secrets-together	people posting stuff they discover discussing about the game.
built r399 community.culture.a-place-to-make-friends	9084	round 378	one-sighting	risk-of-rain-2	community.culture.unknown	212816313	+	good to make friends	good to make friends
built r399 review.says-few-people-will-read-it	796	gap 18	one-sighting	helldivers-2	community.developer-communication.unknown	165438427	?	`community.developer-communication.no-route-for-an-idea-but-the-review-box`	I won't go into details because not many people are going to see this review anyway.
built r399 community.developer-communication.stopped-punishing-criticism	835	gap 19	open-gap	helldivers-2	community.developer-communication.listens-and-acts	165437435	+	`community.developer-communication.criticism-is-allowed-to-stand`	managing a community instead of a discord prison, this game is goty material.
existing r399 new bullet on review.kept-as-a-ledger-of-what-the-studio-fixed; feedback bullet stays on listens-and-acts	2388	gap 86	one-sighting	the-anacrusis	community.developer-communication.listens-and-acts	108031523	~	review kept as a running ledger striking out complaints as the studio fixed them	[strike] 3. No vote/kick function… [/strike] Just fixed with the free weekend!
built r399 community.developer-communication.only-the-moderators-answer	3732	gap 139	one-sighting	terminull-brigade	community.developer-communication.went-silent-after-a-bad-launch	201948956	-	studio silent; volunteer moderators speak for it	there was absolutely no word from the devs. Just a handful of moderators "assuring" it's getting worked on.
built r399 community.developer-communication.no-way-to-reach-the-studio	3751	gap 140	one-sighting	terminull-brigade	community.developer-communication.support-request-went-unanswered	201940388	-	no way to contact the studio at all	Can not find a way to contact to the game developers or company to report the issue
built r399 community.developer-communication.hid-the-player-count	3960	gap 149	one-sighting	terminull-brigade	community.developer-communication.unknown	203730584	-	studio hid the player count on the Community Hub	hid how many ingame on the Community Hub. Signs of a sinking ship.
built r399 community.developer-communication.looks-after-one-region-only	4447	gap 177	one-sighting	terminull-brigade	community.developer-communication.ignores-feedback	227205592	-	studio fixes one region's servers and not another's	
built r399 community.developer-communication.denies-a-bug-players-can-show	4448	gap 178	one-sighting	terminull-brigade	community.developer-communication.ignores-feedback	219828133	-	studio denied a bug the player documented with repro steps	
built r399 community.moderation.left-unmoderated (bullet split; silence stays on went-silent)	4449	gap 179	one-sighting	terminull-brigade	community.developer-communication.went-silent-after-a-bad-launch	224900562	-	studio's own chat channel unmoderated, carries scam posts	
built r399 community.developer-communication.no-remedy-for-a-purchase-that-went-wrong	4450	gap 180	one-sighting	terminull-brigade	community.developer-communication.support-request-went-unanswered	228789443	-	purchase delivered the wrong item with no remedy	
built r399 community.developer-communication.not-open-about-its-plans	4747	gap 199	open-gap	aliens-fireteam-elite	community.developer-communication.unknown	100234073	-	negative twin of open-about-what-it-is-doing: studio not transparent about plans	Lack of transparency with the game's development.
built r399 review.the-thumb-is-encouragement-not-a-verdict	6990	gap 319	open-gap	zombie-girl	community.developer-communication.written-to-the-studio-not-to-the-buyer	148210236	~	thumbs up given as encouragement to the studio, not as a verdict	this praise can be regarded as a little encouragement to the production team
existing r399 re-homed to community.moderation.heavy-handed; staff name removed	7273	gap 338	one-sighting	arc-raiders	community.developer-communication.players-know-the-staff-by-name	217295295	-	the studio staff moderated by a streamer friend's word, not evidence	with no investigation, nothing, just takes Peaachxo's word for it
skip: the publisher-communication split is open with Rico	8676	round 354	watch	risk-of-rain-2	community.developer-communication.unknown	83687960	~	sixth Gearbox-era mention: "Gearbox slightly cares"	Gearbox slightly cares
built r399 community.developer-communication.visibly-working-on-the-problems	8963	round 373	one-sighting	risk-of-rain-2	community.developer-communication.unknown	181184333	+	the devs seem to be actively working to sort out the issues	the Devs seem to be actively working to sort out the issues
built r400 community.developer-communication.the-developers-play-with-us	9196	round 385	one-sighting	warframe	community.developer-communication.unknown	776269	+	developers seen playing alongside players (+ twin of the-studio-does-not-play-its-own-game)	
built r400 community.developer-communication.support-is-unhelpful-in-general	9206	round 386	one-sighting	warframe	community.developer-communication.unknown	7718930	-	support does not help (general verdict, by hearsay)	
built r400 community.developer-communication.feedback-only-through-an-outside-chat-app	4484	gap 185	one-sighting	aliens-fireteam-elite	community.moderation.unknown	98587485	-	bug reports/feedback only through a third-party chat platform behind sign-up	Bug reporting and all feedback are done through discord.
existing r400 fits community.player-conduct.unskilled-or-careless (the subscription is the cause; the tree records the feeling)	2321	gap 83	open-gap	the-anacrusis	community.player-conduct.unskilled-or-careless	111246111	-	players who came free through a subscription play badly	People from gamepass will choose one to pick up, or none of them.
existing r400 re-homed to community.culture.the-fanbase-puts-me-off	3281	gap 120	one-sighting	the-anacrusis	community.player-conduct.unknown	219373901	-	community (Discord players) turns on dissent	Their Discord server members are not very mature, and people get easily pissed when you have different opinions.
built r400 game-design.progression.build-and-customisation.two-choices-together-leave-you-helpless (bullet split)	5734	gap 249	open-gap	aliens-fireteam-elite	community.player-conduct.the-review-teaches-you-how-to-play	146693230	-	two working systems combine to leave the player unable to act	NEVER use the 'Stuck Magazine' card, when using the N79 EVA Laser. You LITERALLY end up screwed
built r400 community.player-conduct.players-ambush-the-objective	7412	round 287	one-sighting	arc-raiders	community.player-conduct.trolls-and-griefers	232925246	-	players lie in wait at quest locations (objective as ambush spot)	People also just hide out at quest locations... and kill people.
built r400 community.player-conduct.pvp-opponents-feel-like-bots	7885	round 308	one-sighting	space-marine-2	community.player-conduct.unknown	195506351	-	the PvP feels like playing against bots	The PvP feels like playing against bots
built r400 community.player-conduct.a-cheater-can-damage-your-save	8564	round 340	one-sighting	remnant-2	community.player-conduct.cheaters-spoil-matches	206126223	-	no DRM so pirated copies can join; a cheater can corrupt your co-op save	
built r400 community.player-conduct.scammers-work-the-trading	9266	round 391	one-sighting	warframe	community.player-conduct.unknown	14133119	-	the trade chat is full of scammers	
built r400 community.playing-with-friends.a-keepsake-of-someone-gone	1108	gap 28	open-gap	helldivers-2	community.playing-with-friends.much-better-with-friends	178129695	?	`community.playing-with-friends.what-is-left-of-someone`	This was the last game I got to play with my Wife before she suddenly passed away
built r400 community.playing-with-friends.fills-in-for-couch-co-op	6596	gap 295	open-gap	aliens-fireteam-elite	community.playing-with-friends.unknown	221215129	+	it stands in for the couch co-op that is gone	Great for guys who miss the couch surfing co-op days.
existing r400 fits community.playing-with-friends.poor-with-strangers	6607	gap 296	open-gap	aliens-fireteam-elite	community.playing-with-friends.poor-with-strangers	222733459	~	who you play with changes what kind of game it is (story vs shooter)	i prefer private because public make it feel like more of a shooter rather than the story game.
built r400 community.population.most-owners-never-played-it	3193	gap 116	one-sighting	the-anacrusis	community.population.dead-game	176679912	-	achievement stats show most owners never launched it	it's a rare achievement to even OPEN the game
built r400 community.population.only-busy-at-certain-hours	6004	gap 261	open-gap	aliens-fireteam-elite	community.population.the-numbers-are-falling	166889307	-	the game is only populated at certain hours (weekends)	the player base seems to be active mostly during the weekend, out of that time frame it is hard to find other players
built r400 community.population.thinner-than-hoped-but-playable	8868	round 368	one-sighting	risk-of-rain-2	community.population.unknown	149731343	~	public multiplayer less populated than hoped, not dead	the lack of intuitive matchmaking is holding back some people from co-op with strangers
built r400 community.population.the-early-areas-are-empty	9195	round 385	one-sighting	warframe	community.population.unknown	2435922	-	the early star-chart nodes are empty while later ones are full	
built r400 community.population.one-mode-has-no-players	9207	round 386	build-on-third	warframe	community.population.unknown	7660006	-	one mode (Conclave PvP) has no players (build on a third)	
built r400 community.social-features.the-group-finder-works	3491	gap 130	one-sighting	terminull-brigade	community.social-features.good-tools-for-coordinating	201801824	+	out-of-match recruitment system is how people actually group	players are easy to find if you dont rely on matchmaking aka use the good old recruitment system
built r400 community.social-features.the-group-finder-covers-only-some-modes	3851	gap 145	one-sighting	terminull-brigade	community.social-features.good-tools-for-coordinating	202880237	-	group-finding/recruit tool covers only some game modes	Recruiting function works for only the two basic game modes.
built r401 community.social-features.only-a-player-run-chat-fills-a-lobby	4852	gap 206	open-gap	aliens-fireteam-elite	community.social-features.only-the-studio-chat-fills-a-lobby	100147455	-	rename existing mode: a player-run (unofficial) channel fills the lobby, not the studio's	To find a game you either need to spam an unofficial Discord channel, or load up a game and change the map
existing r401 re-homed to community.social-features.no-shared-place-between-runs	4914	gap 208	open-gap	aliens-fireteam-elite	community.social-features.unknown	102370596	-	no shared space (lobby) where a community can form between games	Let us chat in some sort of lobby and create an in game community.
built r401 game-design.world-interaction.no-home-base-that-shows-your-progress	7349	gap 343	one-sighting	arc-raiders	community.social-features.no-shared-place-between-runs	223339463	-	wants a private personal base where progress can be walked through	A dedicated, customizable 3D hideout... a physically navigable base would tie it all together for me.
built r401 community.social-features.no-trading-between-players	9179	round 384	one-sighting	warframe	community.social-features.unknown	1882353	-	no trading system (negative twin of the-player-market-works)	
built r401 community.social-features.hard-to-get-into-a-clan	9193	round 385	watch	warframe	community.social-features.unknown	776593	-	joining a clan is near impossible	
built r401 community.social-features.the-player-market-works-badly	9316	round 394	one-sighting	warframe	community.social-features.unknown	17820339	-	the market works badly (prices swing within a day)	
built r401 community.user-created-content.the-tools-taught-me-to-make-games	3265	gap 119	one-sighting	the-anacrusis	community.user-created-content.mods-extend-the-game	197189537	+	game's own tools taught the player to make games / career	helped me out with my career in making custom maps & level design in general!
built r401 community.user-created-content.even-mods-did-not-fix-it	5790	gap 253	open-gap	aliens-fireteam-elite	community.user-created-content.only-playable-after-modding	153076425	-	mods were tried and were not enough	even with mods this game is nearly impossible, needs to be tweaked and tweaked by the devs
built r401 game-design.game-feel.controls.the-menus-ignore-the-d-pad	8388	round 330	one-sighting	remnant-2	controls.unknown	154242725	-	controls.the-menus-ignore-the-d-pad	The navigation through the menu is being completely performed with your analog stick
built r401 engineering.performance.gets-slower-the-longer-you-play	8555	round 339	one-sighting	remnant-2	controls.unknown	203279608	-	controllers make the game lag after an hour and a half	
built r401 game-design.game-feel.controls.one-button-does-too-many-things	8555	round 339	one-sighting	remnant-2	controls.unknown	203833778	-	one button does three things (dodge, jump, climb)	
built r401 game-design.game-feel.controls.one-input-device-is-the-better-way	9219	round 387	one-sighting	warframe	controls.unknown	9210860	~	recommends a controller over mouse and keyboard as a preference	
existing r401 fits game-design.difficulty-tuning.random-rule-changes-frustrating	8043	round 316	one-sighting	space-marine-2	difficulty-tuning.random-rule-changes-frustrating	234734147	-	a modifier that removes a system rather than tunes it	effectively ruins the game on a cheap gimmick.
built r401 game-design.difficulty-tuning.the-top-setting-is-locked-at-the-start	8564	round 340	one-sighting	remnant-2	difficulty-tuning.unknown	213370670	-	max difficulty locked until the story is finished	
built r401 game-design.difficulty-tuning.swings-wildly-within-a-run	8718	round 358	one-sighting	risk-of-rain-2	difficulty-tuning.unknown	98585564	-	enemy and boss difficulty swings wildly inside a run	enemy and boss difficulty fluctuates wildly
built r401 accessibility.memory-and-attention.too-much-at-once-for-some-players	9039	round 376	one-sighting	risk-of-rain-2	difficulty-tuning.unknown	195505040	~	a warning: if you get overwhelmed easily do not play (screen and pressure together)	if you get overwhelmed easily do not play this game
existing r401 re-homed to game-design.co-op-design.more-players-makes-it-trivial	9282	round 392	one-sighting	warframe	difficulty-tuning.unknown	14582960	-	difficulty does not scale with the squad	one player difficult, two challenging, three ok, four too easy
skip: the 'first game had X' tally is open with Rico	8530	round 336	watch	remnant-2	enemy-design.bosses-are-a-chore	184993894	-	the first game had X pattern: marketing.positioning.the-sequel-dropped-something-the-first-game-had (Rico-open) - go back to the first game's boss/elite design	buy the first game
built r401 engineering.access.dies-when-the-servers-go	1718	gap 53	open-gap	redfall	engineering.access.requires-internet	137851128	-	always-online game dies when the studio does (negative twin of player-hosted-so-it-outlives-the-studio)	Since this is an always online game, the game will only last as long as the servers.
built r401 engineering.access.offline-mode-only-if-you-already-had-it	2260	gap 79	open-gap	redfall	engineering.access.requires-internet	227168510	-	offline mode only usable if enabled before the servers went	Only way to play it is if you've had it installed when offline mode was introduced
built r402 engineering.access.hard-to-delete-your-account	3406	gap 126	one-sighting	terminull-brigade	engineering.access.account-or-platform-gate	201488695	-	deleting the account is a maze (gate on the way out)	so many hoops to jump for deleting an account
built r402 engineering.access.had-to-find-the-fix-yourself	3892	gap 147	one-sighting	terminull-brigade	engineering.access.unknown	202735640	-	player had to search the internet ~20 minutes to make it run	spend 20 minutes sifting through tips and videos on how to fix something the developers should've handled.
existing r402 re-homed to live-ops.update-cadence.updating-eats-the-play-session	5407	gap 233	open-gap	aliens-fireteam-elite	engineering.access.unknown	128114816	-	patching is slower than reinstalling the game	It is literally quicker to uninstall and redownload the game than it is to let the game patch itself sometimes.
built r402 engineering.access.no-lan-play	8621	round 347	one-sighting	risk-of-rain-2	engineering.access.requires-internet	55005796	-	needs LAN play	hard to find the teleporter at times
built r402 engineering.access.the-extra-account-is-painless	9168	round 383	one-sighting	warframe	engineering.access.unknown	6074990	+	a required separate account that is painless (neutral/positive twin of account-or-platform-gate)	
existing r402 stays on will-not-start-at-all (the launcher also freezes; see round 392)	9268	round 391	one-sighting	warframe	engineering.access.will-not-start-at-all	14266703	-	slow download/update servers; launcher freezes verifying the cache	
existing r402 re-homed to engineering.platform-support.better-elsewhere	9285	round 392	one-sighting	warframe	engineering.access.will-not-start-at-all	14700535	-	the Steam build does not run but the studio's own launcher does	
built r402 engineering.bugs.a-skill-stops-working	8669	round 353	one-sighting	risk-of-rain-2	engineering.bugs.buggy	77622000	-	Captain loses his utility skill after a lunar item swap (one-item bug)	
built r402 engineering.bugs.the-objective-spawns-inside-the-scenery	9081	round 378	one-sighting	risk-of-rain-2	engineering.bugs.buggy	212816305	-	the teleporter spawns inside walls/blocked (placement fault, not wayfinding)	teleporter appeared on the edge of the map halfway into a wall
existing r402 re-homed to storefront.the-refund-clock-counts-time-i-was-not-playing	5190	gap 221	open-gap	aliens-fireteam-elite	engineering.matchmaking.slow-to-find-games	113401872	-	the wait for a team used up the refund window	I went over the 2 hour refund window while waiting the best part of an hour (during peak time) to find a teammate
built r402 engineering.matchmaking.the-queue-restarts-when-someone-leaves-it	5959	gap 260	open-gap	aliens-fireteam-elite	engineering.matchmaking.slow-to-find-games	165382662	-	the matchmaking queue restarts when someone gives up	those cues to get other 2 players are insane even longer if one gets tired of waiting and leaves to wait again.
existing r402 re-homed to community.player-conduct.players-teach-each-other-the-fix	6778	gap 307	open-gap	aliens-fireteam-elite	engineering.matchmaking.unknown	231704931	~	players pass round a workaround for the broken matchmaking	trying queing for the one you just did a lot of times the train behind you keeps moving forward & you can ride the wave.
built r402 engineering.matchmaking.sorting-by-conduct-made-it-bland	7149	gap 330	one-sighting	arc-raiders	engineering.matchmaking.unknown	209074506	-	aggression-based matchmaking rewards hiding	abmm incentivizes boring gameplay
built r402 engineering.matchmaking.sorting-by-conduct-made-it-bland	7151	gap 330	one-sighting	arc-raiders	engineering.matchmaking.unknown	220782723	-	aggression-based matchmaking made the game bland / too casual	the abmm killed this game for me... too casual
built r402 engineering.matchmaking.you-host-and-hope-someone-joins	7484	round 290	build-on-third	space-marine-2	engineering.matchmaking.unknown	174830168	-	engineering.matchmaking.you-host-and-hope-someone-joins	having to pray for randoms to join my lobby or be stuck with bots.
existing r402 re-homed to engineering.matchmaking.cannot-find-games (says only that it works sometimes)	7485	round 290	build-on-third	space-marine-2	engineering.matchmaking.unknown	174564158	-	engineering.matchmaking.you-host-and-hope-someone-joins	Online match making for coop only works sometimes.
built r402 engineering.matchmaking.no-skill-matching-is-a-relief	7617	round 296	one-sighting	space-marine-2	engineering.matchmaking.unknown	175777899	+	praise for the absence of skill-based matchmaking	no sbmm
built r402 engineering.matchmaking.no-way-out-of-a-joined-game	8581	round 342	one-sighting	remnant-2	engineering.matchmaking.unknown	220763473	-	no way to leave a quick-joined team except Alt-F4	
built r402 engineering.matchmaking.clumsy-to-use	8868	round 368	one-sighting	risk-of-rain-2	engineering.matchmaking.unknown	149731343	-	the lack of intuitive matchmaking holds back co-op with strangers	the lack of intuitive matchmaking is holding back some people from co-op with strangers
built r402 engineering.matchmaking.fills-your-game-with-players-automatically	9229	round 388	one-sighting	warframe	engineering.matchmaking.unknown	10386859	+	the game adds strangers to your session when you start alone (praise)	
built r403 engineering.netcode.idling-disconnects-you	4545	gap 188	one-sighting	aliens-fireteam-elite	engineering.netcode.unknown	98962466	-	disconnected for idling in a private bot lobby	I left for 20minutes to make breakfast in a private lobby with bots and got disconnected.
built r403 engineering.netcode.the-risk-of-a-drop-makes-you-play-safe	5473	gap 238	open-gap	aliens-fireteam-elite	engineering.netcode.unknown	130342858	-	fear of losing a run changes how the game is played	I don't want to experiment with builds... because I can instantly LOSE IT ALL at the drop of a hat.
existing r403 fits engineering.netcode.a-disconnect-loses-the-run	7250	gap 337	one-sighting	arc-raiders	engineering.netcode.a-disconnect-loses-the-run	217296549	-	rejoining after a crash puts you back in the run downed	it will let you reconnect giving you false hope you can salvage your run just to spawn in downed on 1hp
existing r403 stays on engineering.netcode.unknown (the line says only 'cannot play multiplayer', no cause)	8946	round 372	one-sighting	risk-of-rain-2	engineering.netcode.unknown	174481498	-	multiplayer broken after Seekers of the Storm	CANT MULTIPLAYER
built r403 engineering.performance.my-friends-cannot-run-it	1832	gap 59	open-gap	redfall	engineering.performance.demanding-hardware	138589356	-	hardware demands keep the buyer's group out	The only reason I bought this game was to play with my friends and they can't even run the game properly.
built r403 engineering.performance.locked-to-a-low-frame-rate	7418	round 287	one-sighting	arc-raiders	engineering.performance.unstable-framerate	234192662	-	frame rate locks low and alt-tabbing resets it	seems to cap at 26 fps, can untab and re tab in and get 150+fps but quickly drops down to 26.
built r403 engineering.performance.compiles-shaders-every-launch	7795	round 304	one-sighting	space-marine-2	engineering.performance.long-load-times	179588130	-	shader compilation on every start	
built r403 engineering.performance.slows-as-the-save-grows	8564	round 340	one-sighting	remnant-2	engineering.performance.only-runs-right-with-upscaling-on	206126223	-	performance degrades as the save file grows (gets worse over time)	
built r403 engineering.performance.poorly-optimised	8678	round 354	one-sighting	risk-of-rain-2	engineering.performance.unknown	81298531	-	needs to be optimized (no poorly-optimised mode)	needs to be optimized
built r403 engineering.performance.needs-a-lot-of-memory	8748	round 360	one-sighting	risk-of-rain-2	engineering.performance.unknown	112262688	-	the game eats RAM (no memory mode exists)	the game eats RAM for breakfast - 12 GB minimum, 16 for long runs
existing r403 re-homed to engineering.performance.quick-to-get-in	8775	round 362	one-sighting	risk-of-rain-2	engineering.performance.unknown	116653275	+	loads fast (+ twin of long-load-times)	the loading screens are - wait, what loading screens?
existing r403 re-homed to engineering.performance.demanding-hardware	8870	round 368	one-sighting	risk-of-rain-2	engineering.performance.unknown	148758757	-	my computer says otherwise - no spec, no symptom	awesome, but my computer says otherwise
built r403 engineering.platform-support.asks-for-another-platform	6191	gap 272	open-gap	aliens-fireteam-elite	engineering.platform-support.unknown	185663355	?	the reviewer asks for the game in virtual reality	Wish to play this game with VR mode like I did with Alien Isolation.
existing r403 fits engineering.platform-support.broken-on-my-platform (one device)	7563	round 294	one-sighting	space-marine-2	engineering.platform-support.broken-on-my-platform	175495463	-	a specific controller is not recognised (mode under platform-support)	
built r403 engineering.platform-support.asks-for-another-platform	8792	round 363	one-sighting	risk-of-rain-2	engineering.platform-support.unknown	124746293	-	asks for a Mac version	
existing r403 re-homed to engineering.platform-support.built-for-another-platform	8989	round 374	one-sighting	risk-of-rain-2	engineering.platform-support.unknown	182197235	-	the unified PC/console codebase felt as a downgrade (save corrupted)	ever since they made the PC version the same as console
built r403 engineering.servers.the-studio-limits-who-can-host	3061	gap 111	one-sighting	the-anacrusis	engineering.servers.peer-to-peer-not-dedicated	154988428	-	studio restricts who can host, won't explain criteria, so no matches	the devs have heavily restricted the requirements to host a game
built r403 engineering.servers.the-leaders-region-is-forced-on-everyone	3978	gap 150	one-sighting	terminull-brigade	engineering.servers.unknown	202932618	-	party leader's server region is forced on everyone	you play on whatever server the party leader is on.
existing r403 re-homed to engineering.matchmaking.no-ping-shown-before-you-join	5508	gap 240	open-gap	aliens-fireteam-elite	engineering.servers.peer-to-peer-not-dedicated	129788115	-	no way to see a host's connection before committing	Peer to peer with no ping display, so bad hosts can lag, drop, and burn a run
built r403 engineering.servers.go-down-now-and-then	6419	gap 286	open-gap	aliens-fireteam-elite	engineering.servers.unknown	202210130	-	the servers go down intermittently and come back	Game is great when the servers arent down.
built r404 engineering.servers.got-worse-over-time	6539	gap 286	open-gap	aliens-fireteam-elite	engineering.servers.unknown	216577834	-	second sighting of gap 286, held open: servers got worse over time	Their servers are trash now unfortunately. Good luck playing with friends.
built r404 engineering.servers.got-worse-over-time	6619	gap 286	open-gap	aliens-fireteam-elite	engineering.servers.frequent-disconnects	217256403	-	third sighting of gap 286 (intermittent servers), not closed; narrow to 'servers got worse over time'	started to have connection issues as of late. Sometimes it works, sometimes it doesn't.
built r404 engineering.servers.my-router-blocks-play	9245	round 389	one-sighting	warframe	engineering.servers.peer-to-peer-not-dedicated	12018395	-	I cannot host or join because of my network (router cannot forward ports)	
existing r404 fits engineering.stability.progress-not-saved (the unlocks are lost; the migration is the cause)	2561	gap 94	one-sighting	the-anacrusis	engineering.stability.progress-not-saved	127988146	-	studio deleted players' earned unlocks in a back-end migration	Most of the unlocks from these weeklies were removed in their back-end change.
built r404 review.cannot-tell-the-game-from-their-own-machine (bullet split; crashes stay)	6874	gap 313	open-gap	immortal-unchained	engineering.stability.crashes-repeatedly	44670314	?	reviewer cannot rule out their own machine, so won't charge the game	i cannot decide which are game side and which are PC side
skip: the friendly-fire merge is open with Rico	7984	round 313	one-sighting	space-marine-2	explained-by-naming-other-games	220778360	+	no friendly fire, named as a relief	similar to helldivers just without the 'accidentaly shoot your friends' stuff.
skip: the 'first game had X' tally is open with Rico	8631	round 348	watch	risk-of-rain-2	explained-by-naming-other-games	59456532	-	the first game had X pattern (Rico-open) inverted - love for the first game was rose-tinted	rose-tinted
skip: the 'first game had X' tally is open with Rico	8324	round 327	watch	remnant-2	falls-short-of-the-studios-earlier-games	150196497	-	marketing.positioning.the-sequel-dropped-something-the-first-game-had (pattern; Rico's call) - armour and accessory upgrades gone	
skip: the 'first game had X' tally is open with Rico	8530	round 336	watch	remnant-2	falls-short-of-the-studios-earlier-games	184308304	-	the first game had X pattern: marketing.positioning.the-sequel-dropped-something-the-first-game-had (Rico-open) - "buy the first game"	buy the first game
existing r404 re-homed to production.craftsmanship.reads-as-machine-made	8597	round 344	one-sighting	remnant-2	flat-or-annoying	232251822	-	dialogue "like ChatGPT before ChatGPT"	like ChatGPT before ChatGPT
skip: the friendly-fire merge is open with Rico	8557	round 339	watch	remnant-2	friendly-fire-unknown	201175078	+	approving the absence of friendly fire (Rico-open friendly-fire merge; no mode)	
existing r404 re-homed to community.playing-with-friends.the-bots-are-better-company-than-the-strangers	2410	gap 87	one-sighting	the-anacrusis	game-design.ai-teammates.enables-solo-play	116986915	+	player prefers the bots to people; low population is why he recommends it	I like that the game has a low population because I can play with the ai-controlled teammates more often.
existing r404 fits game-design.ai-teammates.useless-in-combat	5493	gap 239	open-gap	aliens-fireteam-elite	game-design.ai-teammates.useless-in-combat	130342858	-	your own disconnect leaves the team worse off	meaning effectively YOU JUST DOOMED YOUR TEAM AS WELL.
built r404 game-design.ai-teammates.better-without-bots-at-all	6724	gap 303	open-gap	aliens-fireteam-elite	game-design.ai-teammates.unknown	228598427	-	the bots should not exist at all; offering them is the fault	It honestly would be better to just not have the AI option at all to at least wash away the illusion
skip: the friendly-fire merge is open with Rico	1044	gap 25	watch	helldivers-2	game-design.co-op-design.unknown	166414101	?	ambiguous 'unfriendly fire' - accidental or deliberate not stated	Oh did I mention unfriendly fire? Yeah it's PVE but it's all the unfriendly fire action you can handle!
built r404 game-design.co-op-design.a-bigger-team-would-absorb-a-drop	5812	gap 255	open-gap	aliens-fireteam-elite	game-design.co-op-design.group-is-too-small	152599580	-	a bigger team asked for to absorb the disconnects	the studio should just fix this by adding a fourth member so when someone is inevitably kicked, we still have a full team.
built r404 game-design.co-op-design.teammates-take-your-kills	7974	round 312	one-sighting	space-marine-2	game-design.co-op-design.teammates-can-take-your-things	216644931	-	teammates steal executions (which restore armour)	STOP STEALING EXECUTIONS.
built r404 community.crossplay-and-platform-mix.friends-must-match-on-every-launcher	8526	round 336	one-sighting	remnant-2	game-design.co-op-design.unknown	187410273	-	the launcher you start from decides which friends you can see	
built r404 game-design.co-op-design.you-miss-what-a-teammate-hears	8546	round 338	one-sighting	remnant-2	game-design.co-op-design.unknown	197321005	-	in co-op you miss the other player's NPC conversation for good	
built r404 game-design.co-op-design.the-loot-does-not-grow-with-the-group	8629	round 348	one-sighting	risk-of-rain-2	game-design.co-op-design.unknown	59454004	-	the loot does not grow with the group (split between players)	to invalidate this review
built r405 game-design.co-op-design.the-player-cap-can-be-lifted	8703	round 357	one-sighting	risk-of-rain-2	game-design.co-op-design.unknown	94768725	~	four in co-op, but console commands allow sixteen	
built r405 game-design.co-op-design.the-scaling-outpaces-a-full-group	8747	round 360	one-sighting	risk-of-rain-2	game-design.co-op-design.unknown	112262688	-	the difficulty scales past the group	with three or four people the enemies vastly outnumber and outscale you
built r405 community.player-conduct.weaker-teammates-resent-your-power	8923	round 371	one-sighting	risk-of-rain-2	game-design.co-op-design.unknown	166897289	-	the weak teammate is dead weight and resents the power gap	so much fun when you don't have to carry a rag that's bad at the game
existing r405 re-homed to game-design.difficulty-tuning.the-lower-settings-are-not-worth-playing	2652	gap 97	one-sighting	the-anacrusis	game-design.difficulty-tuning.well-graded	130919259	?	the game only comes alive on a harder setting; default misrepresents it	Most those reviews were playing on normal mode. Intense mode is where it's at
existing r405 fits game-design.difficulty-tuning.harder-only-changes-the-numbers	5900	gap 258	open-gap	aliens-fireteam-elite	game-design.difficulty-tuning.harder-only-changes-the-numbers	155505786	-	difficulty scaling (bullet sponges) contradicts the fiction	little aliens shouldn't be taking multiple clips to kill.
built r405 game-design.difficulty-tuning.harder-adds-new-rules	6345	gap 281	open-gap	aliens-fireteam-elite	game-design.difficulty-tuning.unknown	197325200	+	positive of harder-only-changes-the-numbers: harder difficulties add rules	there are also some fun (and punishing) mechanics that are only on the higher difficulties also.
built r405 game-design.difficulty-tuning.no-difficulty-settings	6888	gap 314	open-gap	immortal-unchained	game-design.difficulty-tuning.unknown	47911505	-	the game offers no difficulty setting at all	There is no 'difficulty' settings, its kill it or quit.
existing r405 re-homed to review.used-a-cheat-to-get-through-it	6927	gap 316	open-gap	immortal-unchained	game-design.difficulty-tuning.too-hard	49383116	-	the reviewer used a cheat (trainer) to finish it and recommends it	I almost hate to recommend a cheat to make a game fun but it does.
built r405 game-design.co-op-design.the-host-draws-the-enemies	1383	gap 37	open-gap	helldivers-2	game-design.enemy-design.always-knows-where-you-are	233555511	?	`game-design.co-op-design.hosting-costs-the-host`	Being a host quite literally puts you at a disadvantage, because the AI will path find to you
built r405 game-design.enemy-design.the-wrong-enemy-for-the-pitch	5088	gap 218	open-gap	aliens-fireteam-elite	game-design.enemy-design.unknown	107005851	-	most fighting is against the wrong enemy (robots) for the pitch	do not buy if you are looking for a game like Left 4 Dead as you have to fight robots shooting at you most of the game.
existing r405 fits game-design.enemy-design.poor-ai-behaviour	5948	gap 259	open-gap	aliens-fireteam-elite	game-design.enemy-design.poor-ai-behaviour	164857357	-	the enemies can be walked past (scenery, not threat)	I can walk past them most times with zero issue.
built r405 game-design.enemy-design.one-enemy-type-is-hated	7489	round 290	watch	space-marine-2	game-design.enemy-design.unknown	174830168	-	hated enemy named (Zoanthropes) without saying what it does wrong	
built r405 game-design.enemy-design.hitscan-enemies-never-miss	8605	round 345	build-on-third	risk-of-rain-2	game-design.enemy-design.no-counterplay	50411032	-	hitscan enemies that never miss (split from no-counterplay on a third)	his laser is on you like he has an aim bot, never missing
built r405 game-design.enemy-design.hitscan-enemies-never-miss	8605	round 345	build-on-third	risk-of-rain-2	game-design.enemy-design.no-counterplay	50152475	-	hitscan enemies that never miss (split from no-counterplay on a third)	his laser is on you like he has an aim bot, never missing
built r405 game-design.enemy-design.one-enemy-type-is-hated	8704	round 357	one-sighting	risk-of-rain-2	game-design.enemy-design.unknown	95289745	-	a hated enemy type with no reason (Brass Contraptions, Elder Lemurians)	please remove Brass Contraptions, I hate them as much as Elder Lemurians
built r405 game-design.enemy-design.tells-how-they-died	8705	round 357	one-sighting	risk-of-rain-2	game-design.enemy-design.unknown	96263901	~	death-story one-liner: one-shot by the final boss	
built r405 game-design.enemy-design.tells-how-they-died	8705	round 357	one-sighting	risk-of-rain-2	game-design.enemy-design.unknown	96262981	~	death-story one-liner: died to a Lesser Wisp	
existing r405 fits game-design.enemy-design.one-hit-kills	8720	round 358	one-sighting	risk-of-rain-2	game-design.enemy-design.one-hit-kills	98585564	-	one-shot protection existing is itself a design problem (folded in)	
built r405 game-design.enemy-design.one-enemy-type-is-hated	8736	round 359	watch	risk-of-rain-2	game-design.enemy-design.unknown	105432534	-	a hated elite type with no reason given (Malachite)	
existing r405 re-homed to game-design.enemy-design.one-hit-kills	8736	round 359	watch	risk-of-rain-2	game-design.enemy-design.unknown	102411438	-	hated enemy: elite golem one-shot, no reason given	
built r406 game-design.enemy-design.gimmick-enemies-ruin-a-run	8790	round 363	one-sighting	risk-of-rain-2	game-design.enemy-design.unknown	124296216	-	one enemy type cancels your build	a few annoying enemies can ruin a run or build, and they keep adding new annoying, gimmicky enemies
existing r406 re-homed to game-design.enemy-design.one-enemy-type-is-hated (built r405)	8888	round 369	watch	risk-of-rain-2	game-design.enemy-design.unknown	152614012	-	a hated enemy named with no why (RoR2 hated-enemy tally) - blind pests, wisps, void bugs (nearest why: small fliers that aimed shots miss)	
existing r406 re-homed to game-design.enemy-design.one-enemy-type-is-hated (built r405)	8888	round 369	watch	risk-of-rain-2	game-design.enemy-design.unknown	154251555	-	a hated enemy named with no why (RoR2 hated-enemy tally) - flying pests	
existing r406 re-homed to game-design.enemy-design.one-enemy-type-is-hated (built r405)	8888	round 369	watch	risk-of-rain-2	game-design.enemy-design.unknown	156066568	-	a hated enemy named with no why (RoR2 hated-enemy tally) - blind pests	
existing r406 re-homed to game-design.enemy-design.one-enemy-type-is-hated (built r405)	8888	round 369	watch	risk-of-rain-2	game-design.enemy-design.unknown	56078147	-	a hated enemy named with no why (RoR2 hated-enemy tally) - wisps and jellies	
existing r406 re-homed to game-design.enemy-design.one-enemy-type-is-hated (built r405)	8929	round 371	watch	risk-of-rain-2	game-design.enemy-design.unknown	165436711	-	a hated enemy named with no why (RoR2 hated-enemy tally) - blind pest	blind pest? more like STUPID WORST
existing r406 re-homed to game-design.enemy-design.one-enemy-type-is-hated (built r405)	8971	round 373	watch	risk-of-rain-2	game-design.enemy-design.unknown	178129320	-	a hated enemy named with no why (RoR2 hated-enemy tally) - the final boss	never in my entire life have I seen a final boss this bad
existing r406 re-homed to game-design.enemy-design.one-enemy-type-is-hated (built r405)	8998	round 374	watch	risk-of-rain-2	game-design.enemy-design.unknown	187415210	-	a hated enemy named with no why (RoR2 hated-enemy tally) - blind pests	the thing that stops you dead is not the final boss but the blind pests; remove them
existing r406 re-homed to game-design.enemy-design.one-enemy-type-is-hated (built r405)	9017	round 375	watch	risk-of-rain-2	game-design.enemy-design.unknown	189635702	-	a hated enemy named with no why (RoR2 hated-enemy tally) - the giant dino	
existing r406 re-homed to game-design.enemy-design.one-enemy-type-is-hated (built r405)	9017	round 375	watch	risk-of-rain-2	game-design.enemy-design.unknown	192251934	-	a hated enemy named with no why (RoR2 hated-enemy tally) - Elder Lemurians	
built r406 game-design.enemy-design.attacks-are-poorly-telegraphed	9155	round 382	one-sighting	risk-of-rain-2	game-design.enemy-design.unknown	233552972	-	an attack you cannot see coming (poorly telegraphed)	poorly telegraphed
existing r406 re-homed to game-design.enemy-design.one-enemy-type-is-hated (built r405)	9157	round 382	watch	risk-of-rain-2	game-design.enemy-design.unknown	235165802	-	a hated enemy named with no why (wisp; tally closes at 14)	
built r406 game-design.game-feel.camera.third-person-lets-you-see-around-corners	7086	gap 326	one-sighting	arc-raiders	game-design.game-feel.camera.unknown	208435290	-	the camera sees what the body could not (third-person corner peeking favours defender)	peeking 180 degrees around a wall you are on the otherside of completely covered from enemy visibility
built r406 game-design.game-feel.camera.third-person-lets-you-see-around-corners	7097	gap 326	watch	arc-raiders	game-design.game-feel.camera.unknown	208759129	-	soft second sighting: third person makes it easier to hide	Third person is kinda weird for any PvP game, but dose make it easier to hide.
built r406 game-design.game-feel.combat.attacks-go-where-you-move-not-where-you-face	7509	gap 350	one-sighting	space-marine-2	game-design.game-feel.combat.unknown	174828489	-	you swing where you are moving, not where you are facing	you attack in the direction you are moving rather than facing.
built r406 game-design.game-feel.combat.too-much-slow-motion	7920	round 310	one-sighting	space-marine-2	game-design.game-feel.combat.unknown	206151338	-	slow-motion applied on every interaction	it does not slow time, it just slows your perception.
built r406 game-design.game-feel.combat.the-defence-crowds-out-the-shooting	7944	round 311	one-sighting	space-marine-2	game-design.game-feel.combat.unknown	208087833	-	combat as symbol-watching (telegraph layer between player and fight)	more about watching the screen for blue and red flashing symbols to know when to block or when to dodge.
built r406 game-design.game-feel.combat.the-defence-crowds-out-the-shooting	7969	round 312	watch	space-marine-2	game-design.game-feel.combat.unknown	216646575	-	the defence layer sits between the player and the shooting (must parry all the time); build on a fourth	You MUST parry and evade attacks almost all the time
built r406 game-design.progression.unlock-pace.feels-powerful-early	8637	round 349	one-sighting	risk-of-rain-2	game-design.game-feel.combat.makes-you-feel-superhumanly-strong	63127033	+	feel powerful fast, without dozens of hours (inverse of unlock-pace.slow-start)	scratches the ARPG itch without investing dozens of hours before you feel powerful
built r406 game-design.game-feel.controls.too-many-buttons-to-manage	1254	gap 32	open-gap	helldivers-2	game-design.game-feel.controls.unknown	219080218	?	`.too-many-inputs-to-track` (or an accessibility.motor question for Rico)	way too many buttons to focus on keyboard
built r407 game-design.game-feel.controls.aim-response-is-inconsistent	1663	gap 50	open-gap	drg-rogue-core	game-design.game-feel.controls.unresponsive	231013391	-	`.aim-response-is-inconsistent`	i can move my mouse the same distance but somehow i end up turning different distances
existing r407 re-homed to game-design.game-feel.controls.aim-sensitivity-cannot-be-tuned	5215	gap 223	open-gap	aliens-fireteam-elite	game-design.game-feel.controls.unknown	114289002	-	mouse sensitivity capped too low and acceleration cannot be removed (input behaviour)	The max mouse sensitivity is 2.5. This is too slow for me... the game also contains mouse acceleration
built r407 game-design.game-feel.controls.aim-response-is-inconsistent (with 207697616, 207659048, 207516945)	7027	gap 321	open-gap	full-metal-schoolgirl	game-design.game-feel.controls.actions-trigger-by-themselves	207491180 207697616 207659048 207516945	-	the game changes your aim sensitivity by itself	When you're near traps it doubles your sensitivity... the mouse motion for 180 degrees now equals 360
existing r407 re-homed to community.player-conduct.the-review-teaches-you-how-to-play	7601	gap 351	watch	space-marine-2	game-design.game-feel.controls.unknown	175776479	~	neutral mention that single and multiplayer jump-pack equipment differ	how things differ between single and multiplayer equipment (JUMP-PACKS)
built r407 game-design.game-feel.movement.no-player-collision	7516	round 291	one-sighting	space-marine-2	game-design.game-feel.movement.unknown	175208610	-	no player collision feels cheap and breaks immersion	No player collision... feels very cheap and breaks immersion.
built r407 game-design.level-design.getting-lost-is-part-of-it	6860	gap 312	open-gap	immortal-unchained	game-design.level-design.unknown	44738719	~	being lost is the point (disorientation read as praise)	chances are you have no idea where you are at any given moment. that sounds like a bad thing but i really liked
built r407 game-design.modes.the-pvp-is-what-keeps-it-alive	7375	round 285	one-sighting	arc-raiders	game-design.modes.unknown	224997452	+	positive sibling of .the-pvp-feels-bolted-onto-a-pve-game: the change to PvP was right	this game was supposed to be pve but the devs changed it... because pve only is boring.
existing r407 re-homed to game-design.modes.a-mode-falls-flat	7395	gap 326	one-sighting	arc-raiders	game-design.modes.unknown	230570266	-	the third-person camera flattens the PvP fights	PvP can be a bit bland cause its 3rd person.
skip: the 'first game had X' tally is open with Rico	8326	round 327	watch	remnant-2	game-design.modes.expected-mode-missing	144865141	-	marketing.positioning.the-sequel-dropped-something-the-first-game-had (pattern; Rico's call) - Survival mode gone	
existing r407 fits game-design.modes.expected-mode-missing (no new game plus)	8588	round 343	one-sighting	remnant-2	game-design.modes.expected-mode-missing	228597696	-	no conventional new game plus	
built r407 game-design.modes.a-mode-is-locked-behind-gear	9197	round 385	one-sighting	warframe	game-design.modes.unknown	776593	-	the PvP mode is locked behind an inventory requirement	
existing r407 fits game-design.new-player-experience.easy-to-start	2215	gap 77	open-gap	redfall	game-design.new-player-experience.easy-to-start	221882982	+	co-op works from the first moment, no tutorial gate	No tutorial phase where you gotta "get to a certain spot" in order to unlock co-op. It just works first thing.
built r407 game-design.new-player-experience.returning-players-sent-back-through-the-tutorial	4376	gap 168	one-sighting	terminull-brigade	game-design.new-player-experience.buried-in-setup-before-playing	220429356	-	returning player forced through tutorial again after an update	
built r407 game-design.ui-ux.no-place-to-test-a-build	6118	gap 267	open-gap	aliens-fireteam-elite	game-design.new-player-experience.no-safe-place-to-learn	178096982	-	no safe target (training dummy/range) to test a build against	JUST ADD A SINGLE PRACTICE DUMMY AFTER 3 YEARS FOR THE LOVE OF GOD.
built r407 game-design.pacing.asks-for-no-thought	6201	gap 273	open-gap	aliens-fireteam-elite	game-design.pacing.unknown	186784591	-	negative of a-game-you-can-unwind-to: the game asks for no thought	This is just pure run and gun, with contrived tasks that serve to make things more difficult. No thought or intelligence needed.
existing r407 re-homed to game-design.pacing.the-level-pads-itself-with-lifts-and-walks	7821	round 305	one-sighting	space-marine-2	game-design.pacing.unknown	182849223	-	the game takes control away to talk at you (forced walk-and-talk)	long periods of time where the player has no agency and just has to listen to dialogue.
built r407 game-design.pacing.the-pressure-never-builds	7858	round 307	one-sighting	space-marine-2	game-design.pacing.unknown	187921153	-	the challenge never builds: pressure stays flat from start to finish	THE BATTLES ARE ALWAYS THE SAME LEVEL OF DIFFICULTY ... No Escalation nor Variety.
built r407 game-design.pacing.slow-to-get-going	8809	round 364	one-sighting	risk-of-rain-2	game-design.pacing.unknown	127659493	-	a little slow at the start (run or game unclear)	a little slow at the start
existing r407 re-homed to game-design.pacing.the-clock-is-the-thrill	8908	round 370	one-sighting	risk-of-rain-2	game-design.pacing.unknown	161918313	+	late-run escalation into bullet hell, said as praise	in the later stages it turns from a hero-shooter roguelike into a bullet-hell simulator
existing r407 fits game-design.power-balance.some-options-are-useless	1570	gap 45	open-gap	drg-rogue-core	game-design.power-balance.some-options-are-useless	226874438	-	a returning tool kept its place and lost its purpose	its relevance is almost naught
built r408 game-design.power-balance.no-build-is-required	5612	gap 244	open-gap	aliens-fireteam-elite	game-design.power-balance.well-tuned	135224394	+	no single build dominates, so a favourite weapon stays viable	if I like the Pulse Rifle, I can just build around it, and not be crippled
built r408 game-design.progression.build-and-customisation.finding-the-build-yourself-is-the-fun	6662	gap 298	open-gap	aliens-fireteam-elite	game-design.power-balance.unknown	223260202	~	do not look up the best build, knowing it spoils the game	Don't google it, you will ruin fun and balance of the game.
built r408 game-design.power-balance.every-option-plays-differently	7897	round 309	one-sighting	space-marine-2	game-design.power-balance.unknown	199241571	+	.every-option-plays-differently	Every weapon feels unique and impactful.
built r408 game-design.power-balance.rarity-does-not-match-usefulness	8719	round 358	one-sighting	risk-of-rain-2	game-design.power-balance.unknown	98585564	-	item rarity is at odds with usefulness (tiering is wrong)	
built r408 game-design.power-balance.something-needs-a-nerf	8821	round 365	one-sighting	risk-of-rain-2	game-design.power-balance.unknown	133828531	-	some items and modifiers are overpowered and remove needed skill	some items and modifiers are kind of overpowered and remove some needed skill
built r408 game-design.power-balance.something-needs-a-nerf	9142	round 381	one-sighting	risk-of-rain-2	game-design.power-balance.unknown	230565118	-	an item is overpowered: "nerf solus wing"	nerf solus wing
built r408 game-design.power-balance.power-creep	9228	round 388	one-sighting	warframe	game-design.power-balance.unknown	10487208	-	power creep: old gear loses relevance as newer gear arrives	
built r408 game-design.power-balance.gear-decides-the-pve-fight	9298	round 393	one-sighting	warframe	game-design.power-balance.unknown	15627119	-	mod power, not play, decides the PvE fight	either you cannot succeed or you cannot have fun
built r408 game-design.progression.achievements.easy-to-miss	2194	gap 76	open-gap	redfall	game-design.progression.achievements.unknown	217220281	-	achievements easy to miss, one-time window never returns	a lot of achievements being extremely easy to miss
existing r408 re-homed to game-design.progression.achievements.only-repetition-completes-the-set	6323	gap 280	open-gap	aliens-fireteam-elite	game-design.progression.achievements.unknown	195447402	-	negative of a-fair-set-to-finish: achievements finished by repetition alone	grinding for achievements becomes extremely boring. It's simply playing a level multiple times.
built r408 game-design.progression.build-and-customisation.upgrading-can-ruin-the-item	3532	gap 131	one-sighting	terminull-brigade	game-design.progression.build-and-customisation.choices-cannot-be-undone	202168202	-	upgrading an item can fail and destroy it; progress goes backwards	It removes 1 stat from your item/module making it a dead item.
built r408 game-design.progression.build-and-customisation.other-classes-unlock-your-build	5100	gap 219	open-gap	aliens-fireteam-elite	game-design.progression.build-and-customisation.unknown	111224943	~	you must play other classes to unlock perks for your own build	for some of the best builds you HAVE to play other classes a bit to unlock those perks. To some this may be a downside, But I think its great.
built r408 game-design.progression.build-and-customisation.pick-your-pronouns	5521	gap 241	open-gap	aliens-fireteam-elite	game-design.progression.build-and-customisation.unknown	130938542	+	character creator lets the player pick their pronouns	Love the marine customization options and also the ability to pick my pronouns.
built r408 game-design.progression.build-and-customisation.no-crafting-is-a-relief (bullet split)	5600	gap 243	open-gap	aliens-fireteam-elite	game-design.progression.build-and-customisation.changes-how-you-play	134657679	+	the absence of crafting is named as a relief (absence as benefit)	Some of the most interesting progression mechanics I've run into and blessedly; no crafting!
built r408 game-design.progression.cosmetic-rewards.you-cannot-see-them-while-playing	4284	gap 163	one-sighting	terminull-brigade	game-design.progression.cosmetic-rewards.not-worth-chasing	213157491	-	cosmetics cannot be seen by the player while playing (camera)	I cant see the front of my character most of the time
existing r408 re-homed to game-design.progression.cosmetic-rewards.too-few-to-choose-from	4496	gap 186	one-sighting	aliens-fireteam-elite	game-design.progression.cosmetic-rewards.unknown	98587457	-	there are not enough cosmetics	real good so far but needs more cosmetic
built r408 game-design.progression.cosmetic-rewards.you-cannot-see-them-while-playing	5116	gap 220	open-gap	aliens-fireteam-elite	game-design.progression.cosmetic-rewards.not-worth-chasing	109676560	-	the cosmetic the player earned cannot be seen in game	the insane amount of decals I have that only go on guns anyways and are literally impossible to see in game.
built r408 game-design.progression.unlock-pace.no-credit-for-the-earlier-game	1625	gap 48	open-gap	drg-rogue-core	game-design.progression.unlock-pace.unknown	227463157	?	no progression credit for time spent in the earlier game (maybe paired with gap 43)	How about some added progression for players from their time in the original DRG?
existing r408 fits game-design.progression.unlock-pace.respects-your-time	3390	gap 125	one-sighting	terminull-brigade	game-design.progression.unlock-pace.respects-your-time	201523627	+	F2P game deliberately has no stamina/energy timer	You can actually play all day if you want without waiting for energy to charge
built r408 game-design.progression.unlock-pace.needs-a-team-to-level-and-levels-to-find-a-team	5680	gap 246	open-gap	aliens-fireteam-elite	game-design.progression.unlock-pace.gated-behind-farming	142139507	-	deadlock: cannot level without people, cannot find people without levelling	So there's a catch-22. Can't level up b/c bot team mates and can't get human team mates below standard.
built r409 game-design.progression.unlock-pace.finishing-pays-nothing (with 215328210)	6527	gap 291	open-gap	aliens-fireteam-elite	game-design.progression.unlock-pace.unknown	215331196 215328210	-	finishing a campaign pays nothing (two reviews counted as one source)	There are no real rewards at the end of each campaign, and this leaves a very bitter taste.
existing r409 re-homed 138076943 to game-design.pacing.the-early-stages-of-every-run-are-dull; 138105024 stays on padding-a-short-game	7011	gap 320	open-gap	arcrunner	game-design.progression.unlock-pace.padding-a-short-game	138076943 138105024	-	meta-progression makes early floors a trivial chore you cannot skip	Roguelites with metaprogression need floor skip options, otherwise you end up in a situation where you're just enduring the tedium
built r409 game-design.progression.unlock-pace.rank-decays-if-you-stop-playing	7284	gap 339	one-sighting	arc-raiders	game-design.progression.unlock-pace.unknown	217819162	-	a rank is taken away for not logging in	The only thing i dislike is demotion of your trials rank if you are inactive
built r409 game-design.progression.unlock-pace.each-mode-levels-separately	7438	gap 346	one-sighting	space-marine-2	game-design.progression.unlock-pace.unknown	174564873	-	progress does not carry between the modes	The leveling being separate between the modes kind of blows... Customization carries over.
built r409 game-design.progression.unlock-pace.levelling-up-feels-like-nothing	7467	round 289	one-sighting	space-marine-2	game-design.progression.unlock-pace.unknown	174564000	-	levelling up does not make you feel stronger (no cause named)	dont feel stronger with each level at all
built r409 game-design.progression.unlock-pace.pays-for-finishing-not-for-playing	7825	round 305	one-sighting	space-marine-2	game-design.progression.unlock-pace.unknown	182849223	-	XP paid for finishing, not for playing	Sprinting through the mission and not playing should not be the most optimal way to farm XP.
built r409 game-design.progression.unlock-pace.levelling-up-feels-like-nothing	8122	round 319	one-sighting	remnant-2	game-design.progression.unlock-pace.unknown	143613520	-	levelling up gives nothing	Making leveling up completely pointless by not rewarding the player with anything.
built r409 game-design.progression.unlock-pace.the-classes-should-all-be-open-from-the-start	8242	round 324	one-sighting	remnant-2	game-design.progression.unlock-pace.unknown	145364531	-	unlock-pace.the-choice-of-class-should-not-be-an-unlock	Just wish all the archetypes were available at the beginning
built r409 game-design.progression.unlock-pace.little-reason-to-keep-going	8621	round 347	one-sighting	risk-of-rain-2	game-design.progression.unlock-pace.unknown	55007934	-	a lack of hard incentives to progress (bottom of the ladder)	hard to find the teleporter at times
built r409 game-design.progression.unlock-pace.an-unlock-challenge-is-a-chore (shrine bullet); 'lunar coins are annoying' stays on unlock-pace.unknown	8637	round 349	one-sighting	risk-of-rain-2	game-design.progression.unlock-pace.unknown	63510134	-	lunar coins are annoying; a challenge-gated unlock	scratches the ARPG itch without investing dozens of hours before you feel powerful
built r409 game-design.progression.unlock-pace.the-endgame-is-only-more-unlocks	8776	round 362	one-sighting	risk-of-rain-2	game-design.progression.unlock-pace.unknown	118417284	-	the end game is unlocking a character to do it all again (complaint twin of satisfying-progression)	the end game is unlocking a character so you can do it all over again
built r409 game-design.progression.unlock-pace.some-gear-needs-a-clan	9180	round 384	watch	warframe	game-design.progression.unlock-pace.unknown	6920334	~	clan-locked weapons reachable in a two-player clan (clans as a system)	
built r409 game-design.progression.unlock-pace.levelling-up-feels-like-nothing	9218	round 387	one-sighting	warframe	game-design.progression.unlock-pace.unknown	9690006	-	you do not feel the progression (inverse of satisfying-progression)	you do not feel the progression
built r409 game-design.progression.unlock-pace.the-game-sets-no-goals	9339	round 396	one-sighting	warframe	game-design.progression.unlock-pace.unknown	19719634	-	the game sets no goals for you	requires you to create your own goals
existing r409 re-homed to game-design.punishment-model.dying-costs-nothing	1955	gap 65	open-gap	redfall	game-design.punishment-model.unknown	138688226	-	dying costs nothing, so no stakes (missing negative of .stakes-worth-the-risk)	when you died it just put you at the nearest fast travel point … which made dying rendered useless
built r409 game-design.punishment-model.one-mistake-locks-content-away	6948	gap 317	open-gap	immortal-unchained	game-design.punishment-model.unknown	59499649	-	one mistake locks content away for good (missable non-achievement content)	Entire 3 side quests with one on which u fail once and u lose access to best weapon in game
built r409 game-design.readability.guidance-feels-patronising	2669	gap 98	one-sighting	the-anacrusis	game-design.readability.unknown	130889109	-	game auto-paths you to the objective and it feels patronising	the game was treating me like an idiot
built r409 game-design.readability.the-numbers-grow-too-big-to-mean-anything	3818	gap 143	one-sighting	terminull-brigade	game-design.readability.unknown	202364661	-	damage numbers scale so high they stop meaning anything	Damage numbers seems arbitrary very quickly, reaching millions even if its your first 5 matches
built r409 game-design.role-design.classes-exist-to-stretch-the-grind	5888	gap 257	open-gap	aliens-fireteam-elite	game-design.role-design.unknown	156056667	-	the class system exists to stretch the playtime (loadout system wanted instead)	As it is now it feel more like an excuse to have you keep playing to level each class.
built r409 game-design.solo-viability.solo-play-keeps-the-multiplayer-rules (both 195921196 bullets); 226851558 stays on punishing-solo	6256	gap 275	open-gap	aliens-fireteam-elite	game-design.solo-viability.punishing-solo	195921196 226851558	-	playing alone still obeys the rules written for other people (countdown, timers)	It's meant to be a multi-player game and they didn't make any changes for when you're playing by yourself.
built r410 game-design.ai-teammates.bots-cost-currency-every-run; 149271537 to the-review-teaches-you-how-to-play; 120026122 stays on punishing-solo	7039	gap 322	open-gap	voidcrisis	game-design.solo-viability.punishing-solo	120026161 120026122 149271537	-	the AI teammates cost in-game currency every run	you have to buy VA's (Mech suit) for the CPU's with in game currency each time to join you on solo play
built r410 game-design.ui-ux.prompts-show-the-wrong-button	1500	gap 41	open-gap	drg-rogue-core	game-design.ui-ux.unknown	226248403	-	on-screen prompts show the default key, not the rebound one	The UI does not update to your keybindings.
existing r410 fits game-design.ui-ux.missing-quality-of-life ('inconvenient and clunky')	1550	gap 44	open-gap	drg-rogue-core	game-design.ui-ux.missing-quality-of-life	226894965	-	fixed unskippable entrance sequence before every run	It takes about 2 Minutes before you "actually" start the run
built r410 game-design.ui-ux.a-default-setting-is-not-what-the-studio-says	2700	gap 100	one-sighting	the-anacrusis	game-design.ui-ux.unknown	130364645	-	a setting the studio says is off ships on by default	I didn't like having voice chat enabled by default (which devs state in several threads is turned off by default).
built r410 game-design.ui-ux.menus-are-slow-web-pages	3997	gap 151	one-sighting	terminull-brigade	game-design.ui-ux.unknown	204200343	-	shop/event screens are a slow web page loaded into the game	The event screens obviously just load in a website to the game window
built r410 game-design.ui-ux.starts-on-the-highest-settings	4014	gap 152	one-sighting	terminull-brigade	game-design.ui-ux.unknown	204349358	-	default graphics set to maximum before first launch	why are default graphics set to complete max like WHY
existing r410 re-homed to game-design.ui-ux.managing-the-inventory-is-a-chore	4377	gap 169	one-sighting	terminull-brigade	game-design.ui-ux.missing-quality-of-life	216458142	-	player must sort through a volume of worthless items	
built r410 game-design.ui-ux.forgets-your-settings-between-launches	4617	gap 192	one-sighting	aliens-fireteam-elite	game-design.ui-ux.missing-quality-of-life	99792547	-	game forgets its own settings/EULA between launches	every time I launch the game I have to re-accept the EULA and do brightness/subtitle settings.
built r410 review.takes-back-an-earlier-complaint	4840	gap 205	open-gap	aliens-fireteam-elite	game-design.ui-ux.hides-information	102406273	?	review takes back a complaint that was the player's own mistake	Ok i was mistaken. i did not talk to NPC on the Endeavour to enable the next mission.
built r410 game-design.ui-ux.prompts-show-the-wrong-button	4946	gap 210	open-gap	aliens-fireteam-elite	game-design.ui-ux.unknown	105420602	-	the game shows the wrong controller's button prompts (input display)	if you intend on playing this game with an Xbox controller the stupid game will display PS icons.
existing r410 re-homed to game-design.readability.the-numbers-grow-too-big-to-mean-anything (definition widened to health)	5228	gap 224	open-gap	aliens-fireteam-elite	game-design.ui-ux.unknown	113401872	-	health number displayed too big to feel fragile	your hitpoints are counted at 1,500 which didn't give me a sense of vulnerability like having it counted by 100 would.
built r410 game-design.ui-ux.several-loadouts-can-be-saved	6275	gap 276	open-gap	aliens-fireteam-elite	game-design.ui-ux.quality-of-life-is-looked-after	192190824	+	positive of only-one-build-can-be-saved-at-a-time: multiple saved build presets	you can make a number of class and weapon presets.
existing r410 re-homed to game-design.ui-ux.no-place-to-test-a-build	6567	gap 293	open-gap	aliens-fireteam-elite	game-design.ui-ux.unknown	222184315	-	you cannot try a weapon before you spend the grind on it	Grinded for a weapon. Got the weapon. Weapon is trash. You cannot test the gun before buying.
built r410 game-design.ui-ux.fast-travel-comes-late-and-costs (with 115056932, 119730016)	6969	gap 318	open-gap	immortal-unchained	game-design.ui-ux.missing-quality-of-life	44643684 115056932 119730016	-	the convenience (fast travel) exists and is gated behind progress and payment	having to spend 5k bits to unlock fast travel at each shrine was a bit annoying
built r410 game-design.ui-ux.lets-you-waste-a-consumable	8383	round 330	one-sighting	remnant-2	game-design.ui-ux.missing-quality-of-life	154242443	-	ui-ux.lets-you-waste-a-consumable-that-does-nothing	why tf would the game let me use items for healing or clearing status when I am uninjured
existing r410 re-homed to game-design.ui-ux.does-not-support-my-screen-shape	8452	round 333	one-sighting	remnant-2	game-design.ui-ux.unknown	168624915	-	ui-ux.the-hud-cannot-be-moved-or-scaled	there isnt an option to adjust HUD, so i just couldn't see my ammo/skills without turning my head
built r410 game-design.co-op-design.the-map-is-not-shared	8581	round 342	one-sighting	remnant-2	game-design.ui-ux.missing-quality-of-life	222197668	-	map exploration is not shared between co-op players	
built r410 game-design.ui-ux.the-map-has-no-compass	8597	round 344	one-sighting	remnant-2	game-design.ui-ux.hard-to-navigate	234695004	-	the minimap has no cardinal directions	like ChatGPT before ChatGPT
built r410 game-design.ui-ux.no-confirmation-before-a-costly-action	8606	round 345	one-sighting	risk-of-rain-2	game-design.ui-ux.missing-quality-of-life	50152404	-	a run lost by quitting to the menu with no confirmation prompt	
existing r410 fits game-design.progression.unlock-pace.grind-feels-earned	8761	round 361	watch	risk-of-rain-2	grind-feels-earned	114747985	+	approving twin of the-strongest-options-are-locked-behind-challenges	getting the better version feels good because you are rewarded for playing well
existing r411 re-homed to game-design.progression.unlock-pace.an-unlock-challenge-is-a-chore	8669	round 353	one-sighting	risk-of-rain-2	grindy	78908676	-	a cosmetic unlock behind a challenge (25 hours, no Huntress skin)	
built r411 game-design.progression.unlock-pace.the-grind-crowds-out-the-game (the 'takes precedence' line; the other stays on grindy)	9299	round 393	one-sighting	warframe	grindy	15627119	-	the grind cycle displaces the gameplay itself	takes precedence over the gameplay itself
existing r411 fits game-design.replayability.keeps-pulling-you-back	8836	round 366	one-sighting	risk-of-rain-2	keeps-pulling-you-back	139344421	+	all achievements and still want to play (+ inverse of nothing-left-to-chase, no home)	all achievements and I still want to play
existing r411 fits game-design.level-design.the-best-things-are-hidden-behind-a-guide	8425	round 332	one-sighting	remnant-2	level-design.the-best-things-are-hidden-behind-a-guide	163946710	-	level-design.secrets-have-no-tell	there are a lot of illusory walls, which have 0 (i mean none, zero) indication or logic behind them.
built r411 game-design.level-design.the-boss-arena-can-roll-badly	8606	round 345	one-sighting	risk-of-rain-2	level-design.badly-laid-out	49884651	-	a boss arena rolled into a cramped space or a cliff edge	
built r411 live-ops.patch-quality.fixes-what-suits-the-studio-first	1226	gap 31	open-gap	helldivers-2	live-ops.abandonment.known-bugs-never-fixed	206818861	?	`live-ops.patch-quality.fixes-what-suits-it-first`	they will happily step forward to fix a bug that favors the player within a day.
built r411 live-ops.abandonment.a-system-was-left-half-finished	1308	gap 34	open-gap	helldivers-2	live-ops.abandonment.unknown	223944615	?	`.a-system-was-left-half-finished`	abandoned systems: new ship modules nope. updating weapon customization na.
built r411 live-ops.abandonment.its-failure-cancelled-other-games (the sequels line; the closure line stays on the-owner-pulled-the-plug)	2305	gap 82	open-gap	redfall	live-ops.abandonment.the-owner-pulled-the-plug	220458097	-	this game's failure got the studio's other projects cancelled	since older devs left, PREY 2, Dishonered 3 and many other projects got canned.
built r411 community.developer-communication.what-a-cheater-took-was-given-back	7114	gap 328	one-sighting	arc-raiders	live-ops.abandonment.still-supported	208760405	+	banned the cheater and made me whole	they was ban'd and all my items i lost have been returned today 24hrs after the fact
built r411 publishing.monetisation-practice.what-i-bought-was-weakened-later	655	gap 15	open-gap	helldivers-2	live-ops.patch-quality.nerfs-what-players-liked	163948394	?	`publishing.monetisation-practice.what-i-bought-was-weakened-later`	when you buy a new gun with super credits they nerf it in under a week which makes you very spiteful
built r411 live-ops.patch-quality.removes-what-players-worked-out	1332	gap 35	open-gap	helldivers-2	live-ops.patch-quality.nerfs-what-players-liked	223944412	?	`.removes-what-players-worked-out`	or ‘fixing’ creative ways players go about playing the game.
existing r411 re-homed to live-ops.patch-quality.the-notes-do-not-match-the-patch	2992	gap 110	one-sighting	the-anacrusis	live-ops.patch-quality.content-thin	146072452	-	a named update promised a fix and did not deliver it	Supposedly the update that was going to improve the audio as a whole but I couldn't actually find almost any improvements
existing r411 re-homed to live-ops.patch-quality.replaced-the-core-loop-with-a-different-one	3635	gap 135	one-sighting	terminull-brigade	live-ops.patch-quality.forced-unwanted-feature	202085509	-	an update moved the game out of its genre (roguelike to gear-based)	shifts the game away from it's supposed rogue like structure
built r411 live-ops.patch-quality.the-planned-content-is-only-cosmetics	4505	gap 187	one-sighting	aliens-fireteam-elite	live-ops.patch-quality.content-thin	98588270	-	announced roadmap is cosmetics only, read as verdict on game's future	All future paid content is cosmetic... without real content this will die fast.
built r411 live-ops.patch-quality.a-fix-was-rolled-back	4631	gap 193	one-sighting	aliens-fireteam-elite	live-ops.patch-quality.unknown	99805384	?	the fix shipped and was then reverted	They patched a fix, then immediately reverted the fix
built r411 live-ops.patch-quality.the-fix-came-too-late	4802	gap 202	open-gap	aliens-fireteam-elite	live-ops.patch-quality.unknown	100698702	-	the fix arrived after the players had gone	By the time 'Quick Play' dropped, the game's population had dwindled to nothing
built r411 live-ops.patch-quality.the-planned-content-is-only-cosmetics	5179	gap 187	open-gap	aliens-fireteam-elite	live-ops.patch-quality.content-thin	113090707	-	gap 187 (announced roadmap contains only cosmetics) checked and not closed; stays at one sighting	Emotes and skins are no replacement for more and expanded levels.
built r411 live-ops.patch-quality.an-update-reads-as-a-rescue-attempt	5309	gap 229	open-gap	aliens-fireteam-elite	live-ops.patch-quality.unknown	117010451	-	the new add-on reads as a rescue attempt	the new DLC coming out seems more like a last ditch effort to save the game than actually decent content.
existing r411 fits live-ops.patch-quality.removed-a-feature	8678	round 354	one-sighting	risk-of-rain-2	live-ops.patch-quality.removed-a-feature	82462032	-	misses the construction golem from the early-access intro	needs to be optimized
built r411 live-ops.patch-quality.each-update-is-a-content-island	9314	round 394	one-sighting	warframe	live-ops.patch-quality.unknown	17323915	-	each major update is a "content island"	content island
built r412 live-ops.update-cadence.one-region-gets-content-first	7387	gap 344	one-sighting	arc-raiders	live-ops.update-cadence.too-slow	228603070	-	one region gets content the others wait for	embark is giving China exclusive content while the we are being force to wait until October
existing r412 fits live-ops.update-cadence.too-slow ('feels abandoned')	7399	round 286	one-sighting	arc-raiders	live-ops.update-cadence.too-slow	232304517	-	earned cosmetic currency has nothing new to buy	I've accumulated enough currency to buy an entire Deck.
built r412 live-ops.patch-quality.new-items-thin-out-the-pool	8733	round 359	one-sighting	risk-of-rain-2	live-ops.update-cadence.unknown	102412062	-	new items thin out the pool	adding more items is fun but dilutes the item pool, especially when the items are bad
built r412 live-ops.update-cadence.promised-content-keeps-slipping	8868	round 368	one-sighting	risk-of-rain-2	live-ops.update-cadence.too-slow	149731343	-	promised content keeps slipping its date (delayed DLC)	the lack of intuitive matchmaking is holding back some people from co-op with strangers
built r412 live-ops.update-cadence.slow-but-worth-the-wait	9254	round 390	one-sighting	warframe	live-ops.update-cadence.unknown	12192077	+	big updates are rare but worth the wait	
built r412 marketing.discovery.a-reward-campaign-farms-installs	4373	gap 165	one-sighting	terminull-brigade	marketing.unknown	214146426	-	reward campaign farms downloads for store ranking, not players	
existing r412 fits marketing.discovery.came-free-with-hardware (the line says only that)	1698	gap 52	open-gap	redfall	marketing.discovery.came-free-with-hardware	137836468 137851053	-	`publishing.price.not-worth-it-at-any-price`	Got it for free, still think its not worth it.
existing r412 re-homed to review.discloses-a-free-copy-from-the-studio	2748	gap 101	one-sighting	the-anacrusis	marketing.discovery.someone-gave-it-to-me	134169266	~	reviewer discloses the studio gave him the game (conflict disclosure)	I got this game for free from one of the developers, but I'd like to think that didn't influence my opinion
existing r412 re-homed to review.answers-a-claim-made-in-another-review	3551	gap 132	one-sighting	terminull-brigade	marketing.discovery.installed-it-to-claim-an-outside-reward	201754661	~	reward-quest arrival rebuts that his review is dishonest; inverse of says-the-other-reviews-are-not-about-the-game	just because I came from discord does not mean I automatically was going to leave a bad review
built r412 marketing.discovery.sat-unplayed-before-it-clicked	6159	gap 270	open-gap	aliens-fireteam-elite	marketing.discovery.unknown	183502378	+	the game sat unplayed in the library before it was tried	it left Sitting in my steam library for probably over a year before I actually played it properly
built r412 marketing.discovery.sat-unplayed-before-it-clicked	6334	gap 270	open-gap	aliens-fireteam-elite	marketing.discovery.unknown	194929249	+	possible second sighting of gap 270 (sat unplayed in library), held open	I slept on this game and wish that I hadn't.
built r412 marketing.discovery.bought-it-ahead-of-the-sequel	6766	gap 306	open-gap	aliens-fireteam-elite	marketing.discovery.unknown	232857207	?	bought the first game because the sequel is coming	Got the game just so I could see what's going on with the story and see how the classes work until Fire Elite 2 comes out.
built r412 marketing.discovery.launched-in-the-shadow-of-a-bigger-game	8475	round 334	one-sighting	remnant-2	marketing.discovery.nobody-ever-heard-of-it	174461518	-	marketing.discovery.launched-in-the-shadow-of-a-bigger-game	probably it was just unlucky to be launched together with another big title.
built r412 marketing.discovery.came-from-a-rival-that-failed-them	9016	round 375	one-sighting	risk-of-rain-2	marketing.discovery.unknown	188450586	+	arrived from a rival game's failure (left ARK's broken multiplayer)	
built r412 marketing.discovery.found-it-in-the-store	9317	round 394	one-sighting	warframe	marketing.discovery.unknown	18049800	~	found the game in the Steam queue	showed up in my Steam queue
built r412 marketing.expectation-management.sold-as-finished-and-unfinished-at-once	1681	gap 51	open-gap	drg-rogue-core	marketing.expectation-management.unknown	231767228	-	store sells the game as 1.0 and as early access at once	released at its current price as "1.0" and yet also an early access game? These are seemingly contradicting
built r412 marketing.positioning.does-not-know-what-it-is	8581	round 342	one-sighting	remnant-2	marketing.positioning.unknown	222191203	-	the game "does not know what it is" (Dark Souls, Helldivers and Zelda at once)	
built r412 marketing.positioning.a-game-not-a-service	8621	round 347	one-sighting	risk-of-rain-2	marketing.positioning.unknown	55619107	+	feels like a game, not a service	hard to find the teleporter at times
skip: the 'first game had X' tally is open with Rico	8832	round 366	watch	risk-of-rain-2	marketing.positioning.unknown	139711203	~	prefers the earlier game (first-game-had-X tally, Rico-open)	I personally love Risk of Rain 1 more - preferred the platformer over the 3D design
existing r412 fits marketing.promise-vs-reality.claim-was-untrue	2430	gap 88	one-sighting	the-anacrusis	marketing.promise-vs-reality.claim-was-untrue	113518559	-	update shipped as new content that was already in the build	was already in the game including episode 5 at the start of the early access launch, it could be accessed via the console
built r413 marketing.reputation.also-recommends-another-game	934	gap 22	open-gap	helldivers-2	marketing.reputation.unknown	165434184	~	`marketing.reputation.also-recommends-another-game`	Also try Deep Rock Galactic
built r413 marketing.reputation.good-material-for-a-video	1202	gap 30	open-gap	helldivers-2	marketing.reputation.unknown	186862399	?	`marketing.reputation.good-material-for-a-video`	As a creator, I've got hours and hours of content from it
existing r413 fits marketing.reputation.judged-unfairly (the engine is the cause; the tree records the feeling)	1357	gap 36	open-gap	helldivers-2	marketing.reputation.judged-unfairly	225615617	?	`.the-studio-is-held-back-by-its-tools`	Not to mention AH did this game on Abandoned engine (Autodesk Stingray)
built r413 review.written-to-pull-the-score-back	4452	gap 182	one-sighting	terminull-brigade	marketing.reputation.judged-unfairly	229142544	+	positive review written on purpose to pull the score back	
built r413 marketing.reputation.wants-this-formula-in-another-licence	5298	gap 228	open-gap	aliens-fireteam-elite	marketing.reputation.unknown	118861323	+	player wants this formula applied to another licence by the studio	Fingers crossed for PREDATOR: Fireteam Elite or STARSHIP TROOPERS: Fireteam Elite from the devs.
built r413 marketing.reputation.traces-the-studios-lineage	6134	gap 268	open-gap	aliens-fireteam-elite	marketing.reputation.unknown	179031332	?	the reviewer traces the studio back through its corporate history (renamed studio)	`Cold Iron` is pretty much our ol' pals `Cryptic`... Those guys. An MMO crowd.
built r413 marketing.reputation.still-holds-up-years-later	6689	gap 300	open-gap	aliens-fireteam-elite	marketing.reputation.unknown	223164866	+	positive of the-design-is-a-decade-behind: it still holds up years after release	this game STILL holds up to this day from when it was released.
built r413 marketing.reputation.streamers-play-a-different-game	7124	gap 329	one-sighting	arc-raiders	marketing.reputation.praise-is-undeserved	209075085	-	the game the streamers show is not the game the average player gets	I feel like this game was made for streamers, and streamers alone.
built r413 marketing.reputation.suspects-the-early-ratings	7619	round 296	one-sighting	space-marine-2	marketing.reputation.unknown	175775436	-	charge about the studio's pre-release review handling	getting 80% approval rating before the game was even released
built r413 marketing.reputation.a-rebuke-to-the-rest-of-the-industry	7807	round 305	watch	space-marine-2	marketing.reputation.old-fashioned-and-better-for-it	182853251	+	a rebuke to the rest of the industry, no era named (split a marketing.reputation mode on a third)	a refreshing reminder of what the gaming industry has strayed from
built r413 marketing.reputation.a-rebuke-to-the-rest-of-the-industry	7808	round 305	watch	space-marine-2	marketing.reputation.old-fashioned-and-better-for-it	182853784	+	a rebuke to the rest of the industry, no era named (split a marketing.reputation mode on a third)	made with the player in mind - not a soulless product designed to milk us
built r413 marketing.reputation.likes-the-people-running-the-studio	7829	round 305	one-sighting	space-marine-2	marketing.reputation.unknown	183511748	+	the studio's public positions drew me in (inverse of studio-politics-put-me-off)	best CEO at Saber
built r413 marketing.reputation.worse-now-than-at-launch	7880	round 308	one-sighting	space-marine-2	marketing.reputation.unknown	194969567	-	.worse-now-than-at-launch	From game of the year to trash. Epic fall from grace.
existing r413 fits marketing.reputation.praise-is-undeserved ('overrated')	8752	round 360	one-sighting	risk-of-rain-2	marketing.reputation.praise-is-undeserved	111773633	-	a review that points to other reviews for its verdict (borrowed verdict)	overrated, the top negative reviews nail why
existing r413 fits game-design.enemy-design.memorable-specials	8675	round 354	watch	risk-of-rain-2	memorable-specials	79326857	+	the 1.0 argument, other side: the final boss release was amazing	the final boss release was bloody amazing
built r413 publishing.monetisation-practice.sells-with-restraint	7843	round 306	one-sighting	space-marine-2	monetisation-practice.unknown	185057274	+	not a live service as praise: the cadence of selling is restrained	Not your typical live service game where they drop skins and emotes to purchase every other day.
existing r413 re-homed to marketing.discovery.i-bought-it-for-other-people	8890	round 369	one-sighting	risk-of-rain-2	much-better-with-friends	155515469	+	buying copies for friends has no mode of its own	gifted 2 of my friends this just to play with them
built r413 narrative.characters-writing.in-jokes-replace-the-writing (the in-jokes line; the 'lifeless survivors' line stays on flat-or-annoying)	2464	gap 90	one-sighting	the-anacrusis	narrative.characters-writing.flat-or-annoying	117387804	-	character dialogue is studio Discord in-jokes, displacing lore and directional lines	usually pertaining to some inside joke within the community Discord.
built r413 narrative.characters-writing.the-best-lines-rarely-play	3135	gap 114	one-sighting	the-anacrusis	narrative.characters-writing.unknown	166892773	+	good writing exists but line-weighting means the game rarely plays it	you're not gonna get this all from just one hour
built r413 narrative.characters-writing.your-own-character-is-nobody	5756	gap 251	open-gap	aliens-fireteam-elite	narrative.characters-writing.unknown	142633262	-	the player's own character is nobody	You character - is basic as hell - basically , its YOU in the game.
existing r414 re-homed to narrative.story.your-choices-change-the-story	6908	gap 315	open-gap	immortal-unchained	narrative.characters-writing.funny-or-memorable	48489315	+	your choice decides an NPC's fate (redeem or doom)	be granted the opportunity to offer them redemption, or doom them by how you play it all out.
built r414 narrative.story.the-full-story-is-in-a-tie-in-book	4830	gap 204	open-gap	aliens-fireteam-elite	narrative.story.unknown	101975553	?	the story is finished in a book outside the game	If you want the full story behind the game, read the prequel novel Aliens: Infiltrator.
built r414 narrative.story.makes-sense-only-if-you-know-the-source	6027	gap 263	open-gap	aliens-fireteam-elite	narrative.story.thin-or-forgettable	169885487	-	the story leans on source material (books, tabletop) most players have not read	they took most of the story beats and lore from the books and table tops... which the majority of players aren't going to be familiar with.
built r414 narrative.story.the-last-games-hero-is-left-out	8091	round 318	one-sighting	remnant-2	narrative.story.unknown	143171238	-	the previous game's protagonist is dropped without a word	Your character from Remnant from the ashes Is completly missing and there is no follow up on them.
built r414 narrative.story.the-play-and-the-story-do-not-match	8555	round 339	one-sighting	remnant-2	narrative.story.unknown	201612330	-	story and gameplay disconnect (a quip then a curb-stomp of a god)	
built r414 narrative.story.spoils-the-earlier-game	8564	round 340	one-sighting	remnant-2	narrative.story.unknown	209860050	-	the sequel spoils the first game early	
built r414 narrative.story.earlier-choices-do-not-carry-over	8573	round 341	one-sighting	remnant-2	narrative.story.unknown	217281349	-	the choices made in the first game do not carry into the sequel	
built r414 narrative.story.kept-cryptic-on-purpose	9315	round 394	one-sighting	warframe	narrative.story.unknown	17323915	~	the story is intentionally cryptic so players speculate (neutral)	
built r414 narrative.tone.cosmetics-break-the-tone	5418	gap 234	open-gap	aliens-fireteam-elite	narrative.tone.wrong-tone-for-the-setting	125456106	-	the cosmetics clash with the tone of the game	Emotes, Weapon Decals and even some of the Hats ruin the tone of the game and can destroy your immersion
existing r414 fits narrative.world-and-setting.setting-feels-thin ('hollow set pieces', 'devoid of life')	2247	gap 61	watch	redfall	narrative.world-and-setting.setting-feels-thin	212739989	?	'hollow set pieces' - ambiguous: facade you cannot enter vs empty room	Many buildings exist as hollow set pieces
built r414 narrative.world-and-setting.the-world-is-never-explained	2877	gap 106	one-sighting	the-anacrusis	narrative.world-and-setting.setting-feels-thin	140195700	-	environmental storytelling missing: nothing in the level says what happened	You don't really feel like an outbreak happened here
existing r414 fits narrative.world-and-setting.world-worth-exploring (environmental storytelling already sits there, 6 sightings)	3334	gap 123	one-sighting	terminull-brigade	narrative.world-and-setting.world-worth-exploring	201168965	+	positive environmental storytelling: the level tells its own story	That abandoned lab level told a better story through emails and bloodstains than most games do with cutscenes.
built r414 narrative.world-and-setting.adds-to-the-source-without-harming-it	5339	gap 231	open-gap	aliens-fireteam-elite	narrative.world-and-setting.unknown	121546450	+	positive twin of the-additions-do-not-belong-in-the-source: adds without damaging	Well made, adds to the story (but in my opinion hasn't ruined it)
built r414 narrative.world-and-setting.the-world-is-never-explained	5447	gap 236	open-gap	aliens-fireteam-elite	narrative.world-and-setting.unknown	125456106	-	the lore is in the game and the game never explains it	Interesting lore once you actually can be bothered to read into it as the game doesn't explain most of it.
built r414 narrative.world-and-setting.works-for-people-new-to-the-source	6650	gap 297	open-gap	aliens-fireteam-elite	narrative.world-and-setting.unknown	223260202	+	counterpart of only-worth-it-if-you-already-love-the-source: works for non-fans	I am not a fan of franchise or anything but this game was so good for me.
built r414 narrative.world-and-setting.the-faithful-version-must-be-unlocked	6752	gap 305	open-gap	aliens-fireteam-elite	narrative.world-and-setting.unknown	229212351	-	the iconic weapon is present and wrong until you unlock the right one	video game devs are afraid of giving the pulse rifle a 99 round magazine right off the bat
built r414 narrative.world-and-setting.what-you-do-never-changes-the-world	7309	gap 341	one-sighting	arc-raiders	narrative.world-and-setting.unknown	220132764	-	wants the runs to change something in the world	I want it to feel like our runs actually move the needle for the world.
skip: the 'first game had X' tally (Rico)	8341	round 328	watch	remnant-2	narrative.world-and-setting.unknown	151192360	-	marketing.positioning.the-sequel-dropped-something-the-first-game-had (pattern; Rico's call) - missed the desert biome	Missed the desert biome though...
built r414 narrative.story.a-twist-took-away-the-fantasy	9253	round 390	one-sighting	warframe	narrative.world-and-setting.breaks-its-own-fiction	12111253	-	the twist ruined it for me (mid-game reveal removes the stakes)	
built r414 game-design.ui-ux.an-option-exists-and-is-hard-to-find	7734	round 301	one-sighting	space-marine-2	new-player-experience.poorly-explained	177612801	-	the setting exists and the game does not show it (ui-ux mode)	
built r415 game-design.new-player-experience.guides-you-without-holding-your-hand	8296	round 326	one-sighting	remnant-2	new-player-experience.unknown	149259423	+	new-player-experience.tells-you-where-not-how	telling you which zone you're supposed to be in but not explicitly pointing you in correct direction.
built r415 game-design.new-player-experience.learn-it-alone-before-joining-others	8653	round 351	one-sighting	risk-of-rain-2	new-player-experience.unknown	68329495	~	the game as a place newcomers should not bring a group	
existing r415 re-homed to game-design.progression.complexity.requires-outside-research	9114	round 380	one-sighting	risk-of-rain-2	new-player-experience.needs-carrying	222210554	-	needs a guide/wiki/videos to understand the game (the guide half has no mode)	can feel confusing without an experienced player or a wiki
existing r415 re-homed to game-design.progression.complexity.requires-outside-research	9141	round 381	one-sighting	risk-of-rain-2	new-player-experience.needs-carrying	226907406	~	needs a guide/wiki/videos to understand the game (the guide half has no mode)	for less confusion there's a good assortment of youtube videos
existing r415 fits game-design.progression.unlock-pace.nothing-accumulates (the wish is the same fact)	8644	round 350	one-sighting	risk-of-rain-2	nothing-accumulates	65664477	-	wants meta-progression the genre does not give	Gearbox bought the IP and I think that's fine
built r415 community.social-features.nothing-shows-others-what-you-earned (bullet split; the first half stays on nothing-left-to-chase)	9230	round 388	one-sighting	warframe	nothing-left-to-chase	10209689	~	wants player-to-player recognition for time invested	player-to-player recognition
built r415 community.social-features.the-studio-chat-helps-you-find-a-team	8653	round 351	watch	risk-of-rain-2	only-the-studio-chat-fills-a-lobby	68329334	+	the public Discord helps you find people (said as a help; mode is -)	
built r415 game-design.power-balance.a-weapon-fails-at-its-own-job	1077	gap 26	watch	helldivers-2	power-balance.some-options-are-useless	165939159	-	negative inverse: weapon fails to behave as the real thing would	shooting an armored enemy with a recoiless rifle feels incredibly underwhelming, even though thats why recoiless rifles exist
built r415 production.content-amount.worried-it-will-run-dry	8614	round 346	one-sighting	risk-of-rain-2	production.content-amount.unknown	51104580	-	fear the game will burn out	
existing r415 re-homed to production.content-amount.too-little	8706	round 357	one-sighting	risk-of-rain-2	production.content-amount.unknown	95808502	~	fun but short	fun but short
built r415 production.content-amount.wants-more-because-it-is-good	8808	round 364	one-sighting	risk-of-rain-2	production.content-amount.unknown	128128319	+	a wish for more DLC/characters said as praise	needs more DLCs, or more characters for the extra slots
built r415 production.content-amount.wants-more-because-it-is-good	8857	round 367	one-sighting	risk-of-rain-2	production.content-amount.unknown	145882843	+	make more DLC (like 128128319)	make more DLC
built r415 production.content-variety.side-content-is-empty-errands	2230	gap 78	open-gap	redfall	production.content-variety.repetitive	218919304	-	optional side content is errands that pay nothing	side missions felt like random little errands that didnt give much or desire to do
existing r415 re-homed to production.content-variety.the-generation-adds-nothing	4378	gap 170	watch	terminull-brigade	production.content-variety.repetitive	221339205	-	generated levels used in place of designed ones	
existing r415 re-homed to game-design.power-balance.options-feel-identical	4381	gap 173	one-sighting	terminull-brigade	production.content-variety.repetitive	217842597	-	weapons are not meaningfully different from each other	
built r415 production.content-variety.repetition-comes-with-the-genre	4865	gap 207	open-gap	aliens-fireteam-elite	production.content-variety.repetitive	102381886	~	repetition excused as the nature of the genre (fault defended as correct)	Game play can get repetitive quickly, but I think its that type of game.
built r415 production.content-variety.the-randomisation-is-only-surface	5047	gap 215	open-gap	aliens-fireteam-elite	production.content-variety.unknown	109676560	-	promised level randomisation only moves something trivial (a loot crate)	the randomization of the levels is basically limited to where your obligatory hidden loot crate will spawn
built r415 production.content-variety.repetitive-and-still-fun (184877306, 130936199; 165385875 and 113919244 stay on repetitive)	6175	gap 271	open-gap	aliens-fireteam-elite	production.content-variety.repetitive	184877306 130936199 165385875 113919244	~	the repetition is named and forgiven (repetitive but fun)	Expected it to feel repetitive and boring... but instead it's repetitive and fun lol.
built r415 production.content-variety.wants-more-than-shooting	6462	gap 287	open-gap	aliens-fireteam-elite	production.content-variety.unknown	206046626	-	the missions ask for nothing but shooting (want puzzle minigames)	I also wish they added more mini game options like using a puzzle solver when cutting doors etc.
existing r415 re-homed to production.craftsmanship.the-writing-was-never-edited	1589	gap 46	open-gap	drg-rogue-core	production.craftsmanship.needs-more-work	226821176	-	`production.craftsmanship.the-writing-was-never-edited`	Hundreds of typographical errors in the text, as if they didn't have a person writing or proofreading
built r416 production.craftsmanship.barely-playtested (138168807) and production.craftsmanship.a-parody-of-a-big-budget-game (138543902)	1799	gap 57	open-gap	redfall	production.craftsmanship.needs-more-work	138168807 138543902	-	other unnamed games do this better (maybe just weak .beaten-by-a-competitor)	there's better games for that now.
built r416 production.craftsmanship.placeholder-text-left-in	4375	gap 167	one-sighting	terminull-brigade	production.craftsmanship.the-writing-was-never-edited	216426353	-	items show internal code names instead of player-facing names	
built r416 production.craftsmanship.only-the-licence-holds-it-up	6491	gap 288	open-gap	aliens-fireteam-elite	production.craftsmanship.reads-as-a-cheap-free-to-play-template	213261548	-	the licence is doing all the work; strip it and nothing is left	The Aliens branding is doing all the work. It's mobile shooter quality...
built r416 production.early-access.hopes-the-updates-prove-this-wrong	8629	round 348	one-sighting	risk-of-rain-2	production.early-access.unknown	59456532	-	thumbs-down early-access review hoping the game changes to invalidate it	to invalidate this review
built r416 production.early-access.still-called-unfinished-years-later	9208	round 386	one-sighting	warframe	production.early-access.unknown	7718099	-	the studio still calls the game a beta years in	
built r416 production.launch-state.the-team-was-too-small (the headcount line; the 'launched broken' line stays on shipped-broken)	2289	gap 81	open-gap	redfall	production.launch-state.shipped-broken	220458097	-	team too small (headcount) for the game they were ordered to make	severe understaffing (Less then 100 people worked on this game, AND many old devs left!)
built r416 game-design.level-design.buildings-you-cannot-enter	1865	gap 61	build-on-third	redfall	production.scope-mismatch.wasted-its-potential	138162943 138552886	-	places are scenery you cannot walk into	off-limit housing in an exploration game
built r416 production.scope-mismatch.reads-as-a-changed-plan	5203	gap 222	open-gap	aliens-fireteam-elite	production.scope-mismatch.unknown	112659646	~	game reads as a compromise from a different original plan	it feels like they had a different idea with the game at the start and settled with this.
existing r416 fits production.scope-mismatch.the-potential-is-still-there (the relaunch wish is that claim)	5693	gap 247	open-gap	aliens-fireteam-elite	production.scope-mismatch.the-potential-is-still-there	137970466	~	reviewer asks for the relaunch a named game (Rainbow Six Siege) got	This game has a lot of potential to be relaunched like Rainbow Six Siege
existing r416 already on game-design.progression.build-and-customisation.finding-the-build-yourself-is-the-fun	8621	round 347	one-sighting	risk-of-rain-2	progression.complexity.unknown	55619107	+	discovery is the point, so refuse the guide	hard to find the teleporter at times
existing r416 re-homed to community.player-conduct.the-review-teaches-you-how-to-play	8810	round 364	one-sighting	risk-of-rain-2	progression.complexity.unknown	125546058	~	a review written as a newbie guide	do not stress about time, be an efficient loot goblin, work on unlocks
existing r416 re-homed to game-design.progression.complexity.overwhelming-at-first	8823	round 365	one-sighting	risk-of-rain-2	progression.complexity.unknown	135838735	+	confusion said as praise	don't know what's happening but I like it
built r416 game-design.progression.complexity.the-learning-curve-is-well-paced	8924	round 371	one-sighting	risk-of-rain-2	progression.complexity.unknown	168646742	+	a + judgement on how the learning is paced	learning curve is good
built r416 publishing.availability.one-purchase-covers-two-platforms	2636	gap 96	one-sighting	the-anacrusis	publishing.availability.unknown	130606589	~	cross-buy mode: buy on another storefront and get the PC copy too	just buy on Xbox, you'll get a pc copy too.
built r416 publishing.availability.the-shop-is-blocked-in-my-country	3800	gap 142	one-sighting	terminull-brigade	publishing.availability.unknown	202849884	~	shop switched off in my country by law, game is not; keep neutral	I cannot interact with the monetisation due to the fact I am from the netherlands
built r416 publishing.data-and-privacy.worried-about-account-security	961	gap 23	open-gap	helldivers-2	publishing.data-and-privacy.unknown	165938143	-	`publishing.data-and-privacy.my-account-was-not-kept-safe` (on a first-hand second)	I'm also hearing something about your security vulnerability right now, and that some people are getting hacked
built r416 publishing.data-and-privacy.accused-of-mining-currency	4253	gap 161	watch	terminull-brigade	publishing.data-and-privacy.suspected-of-spying	213980448 213157491 223962180	-	game accused of mining crypto-currency; build on a sighting in a second game	This this is 100% a bitcoin miner
built r416 publishing.data-and-privacy.the-agreement-strips-buyer-rights	4380	gap 172	one-sighting	terminull-brigade	publishing.data-and-privacy.collects-more-than-expected	221339205	-	agreement tries to remove protections the law gives buyers	
built r416 publishing.dlc-and-editions.should-give-the-dlc-away-to-make-amends	4991	gap 214	open-gap	aliens-fireteam-elite	publishing.dlc-and-editions.base-game-too-thin-for-dlc	105423489	-	studio should compensate buyers with free DLC	Devs should give all DLC free for this game to make up for how horrible this experience is.
built r416 publishing.dlc-and-editions.the-add-on-lets-more-people-play	5258	gap 225	open-gap	aliens-fireteam-elite	publishing.dlc-and-editions.content-behind-a-second-purchase	118861323	~	the fix to a long-standing complaint (squad size) is sold as paid content	have too many friends that cant fit in the 3 man squad. (Expansion enables 4 people)
existing r417 re-homed to publishing.monetisation-practice.feels-like-a-cash-grab ('a vehicle for DLC' is built to take money)	6372	gap 283	open-gap	aliens-fireteam-elite	publishing.dlc-and-editions.base-game-too-thin-for-dlc	202151006	-	the base game exists as a vehicle to sell its add-ons	Had great potential but is just a vehicle for dlc. Do not buy.
built r417 publishing.dlc-and-editions.a-paid-pack-is-worth-it-for-the-head-start	6581	gap 294	open-gap	aliens-fireteam-elite	publishing.dlc-and-editions.dlc-is-fair	221337041	+	reviewer recommends buying the paid pack for the progression head start	comes with enough in-game currency for a very good early boost.
built r417 publishing.dlc-and-editions.sold-as-old-style-add-ons	7845	round 306	one-sighting	space-marine-2	publishing.dlc-and-editions.unknown	185057274	+	DLC likened to old CoD map packs, against a battle pass	
existing r417 re-homed to publishing.monetisation-practice.paying-only-shortens-the-grind	8027	round 315	one-sighting	space-marine-2	publishing.dlc-and-editions.unknown	228059310	-	money buys past the cosmetic grind	or you can just buy DLCs that already have top models in them.
built r417 publishing.dlc-and-editions.got-only-part-of-the-add-on	8507	round 335	one-sighting	remnant-2	publishing.dlc-and-editions.unknown	176116565	-	bought the DLC, got half of it (left neutral: bug or edition confusion)	with this latest dlc, i got the boss rush mode but not the storyline for campaign/adventure.
built r417 game-design.new-player-experience.dropped-into-the-add-on-first	8564	round 340	one-sighting	remnant-2	publishing.dlc-and-editions.unknown	206818675	-	the game started them inside the DLC instead of the base campaign	
existing r417 re-homed to live-ops.patch-quality.made-it-worse	8660	round 352	one-sighting	risk-of-rain-2	publishing.dlc-and-editions.unknown	75245394	-	rough patches in the Seekers DLC onwards (Gearbox-era)	rough patches in the Seekers DLC onwards
existing r417 re-homed to narrative.world-and-setting.breaks-its-own-fiction	8964	round 373	one-sighting	risk-of-rain-2	publishing.dlc-and-editions.unknown	181184333	-	the latest DLC does not fit the established theme	the latest DLC doesn't seem to fit in well with the established theme
built r417 publishing.dlc-and-editions.a-weaker-add-on-still-welcome	9059	round 377	one-sighting	risk-of-rain-2	publishing.dlc-and-editions.unknown	200469362	~	a DLC let-down excused in the same breath	SOTS DLC was kinda a let down, but it's still more content
built r417 publishing.dlc-and-editions.pricey-but-worth-it	9098	round 379	one-sighting	risk-of-rain-2	publishing.dlc-and-editions.unknown	215438049	~	DLC a bit pricey but really cool	dlc is a bit pricey but is really cool
built r417 publishing.dlc-and-editions.pricey-but-worth-it	9122	round 380	one-sighting	risk-of-rain-2	publishing.dlc-and-editions.unknown	223335550	~	DLC price as a mild caveat	the dlcs are a bit of money but it is good
built r417 publishing.dlc-and-editions.pricey-but-worth-it	9122	round 380	one-sighting	risk-of-rain-2	publishing.dlc-and-editions.unknown	224998148	~	DLC price as a mild caveat	the dlcs are a bit of money but it is good
built r417 publishing.monetisation-practice.the-pass-does-not-pay-for-the-next	3835	gap 144	one-sighting	terminull-brigade	publishing.monetisation-practice.unknown	202390416	-	finishing the battle pass returns no currency toward the next pass	ANY currency in which you can use to purchase another battle pass later
built r417 publishing.ownership.the-owner-is-not-disclosed	4297	gap 164	one-sighting	terminull-brigade	publishing.ownership.owner-puts-players-off	213157491	-	owner/funder not disclosed on the store page	doesn't disclose that they are even partially funded by Tencent in the Steam page
built r417 publishing.ownership.put-off-by-the-country-it-comes-from	4382	gap 174	one-sighting	terminull-brigade	publishing.ownership.owner-puts-players-off	220325602	-	game dismissed by the country it was made in	
built r417 publishing.ownership.dislikes-the-owner (bullet reworded to 'a jab')	8804	round 364	one-sighting	risk-of-rain-2	publishing.ownership.unknown	129132146	~	owner cursed but the game still recommended	[a jab at the owner's named head and Take-Two]
existing r417 stays on publishing.ownership.unknown (one word, no verdict)	8850	round 367	one-sighting	risk-of-rain-2	publishing.ownership.unknown	141559948	-	gearbox, one word, thumbs-down	gearbox
built r417 publishing.ownership.dislikes-the-owner	8966	round 373	watch	risk-of-rain-2	publishing.ownership.unknown	177125124	~	owner (Gearbox) raised without fitting a built mode - owner tally "raised"	[a jab at the owner's named head]
built r417 publishing.ownership.dislikes-the-owner (bullet reworded to 'a jab')	8966	round 373	watch	risk-of-rain-2	publishing.ownership.unknown	177611446	-	owner (Gearbox) raised without fitting a built mode - owner tally "raised"	[a jab at the owner's named head]
built r417 publishing.ownership.the-new-owner-cares-less-than-the-makers	8990	round 374	watch	risk-of-rain-2	publishing.ownership.unknown	182854034	~	owner (Gearbox) raised without fitting a built mode - owner tally "raised" (still recommends)	Hopoo gave the IP to Gearbox, who haven't poured the same love and care
open	9030	round 376	watch	risk-of-rain-2	publishing.ownership.unknown	196660257	-	owner (Gearbox) raised without fitting a built mode - owner tally "raised"	a greasy publisher owned by a very scummy company
open	1535	gap 43	open-gap	drg-rogue-core	publishing.price.unknown	226888173	-	loyalty discount for owning the previous game is too small	only 3€ discount for veterans is a slap to the face
open	2040	gap 70	open-gap	redfall	publishing.price.too-high-for-what-it-is	150163099	-	price fell so fast launch buyers were the ones who paid	Now the game is $40 with no DLC. People got completely ripped off!
open	6096	gap 265	open-gap	aliens-fireteam-elite	publishing.price.unknown	173874895	?	the reviewer works out a price per hour as the verdict	I beat the main story in 10 hours. I bought the game for 10$. This game is literally worth 1$ an hour.
open	6429	gap 265	open-gap	aliens-fireteam-elite	publishing.price.unknown	196599011	-	possible second sighting of gap 265 (price per hour): arcade-quarters analogy, held open	So glad I only paid $7. I suppose that's about right in quarters at an arcade console
open	6738	gap 304	open-gap	aliens-fireteam-elite	publishing.sale-dependency.buy-on-sale-only	229190054	-	the discount arrived after the game had died	too bad it took so long to be discounted. As the playerbase is dead now.
open	7679	round 299	one-sighting	space-marine-2	publishing.sale-dependency.unknown	176116366	-	buy-timing mode: wait for the patch state, not the discount	I highly recommend waiting for the developers to fix these issues before purchasing.
open	8502	round 335	one-sighting	remnant-2	punishment-model.unknown	178581678	-	punishment-model.dying-makes-the-next-try-harder	every time you die in area there's a chance for even stronger mini boss that can spawn.
open	8614	round 346	one-sighting	risk-of-rain-2	randomness.unknown	51241196	-	a red item that turns out to be a dud	
open	8669	round 353	one-sighting	risk-of-rain-2	refund.unknown	78037782	+	the refund window as a sales argument	
open	7661	round 298	watch	space-marine-2	repetitive	175776374	-	pacing mode: the level pads itself with rides and walks	up the same lifts
open	9284	round 392	one-sighting	warframe	replayability.unknown	14471201	~	the game goes from fun to boring to fun in a loop	from fun to boring to fun
open	2110	gap 72	open-gap	redfall	review.thumb-is-a-protest-vote	167599060	?	reviewer rallying others to give thumbs up to message the owner	If you like the game at least a little, give it a thumbs up
open	2897	gap 107	one-sighting	the-anacrusis	review.i-never-write-reviews-and-wrote-this-one	138104106	~	reviewer keeps a standardised house template across all their reviews	Standardized layout across all reviews.
open	2976	gap 109	one-sighting	the-anacrusis	review.unknown	153020841	~	reviewer uses own review to rebut another review's factual claim	steam achievement statistics do not, in fact, update in real time.
open	3684	gap 136	one-sighting	terminull-brigade	review.unknown	202010018	~	reviewer discloses a language model proofread the review	I wrote a review and slapped it into chatgpt for proofreading.
open	3703	gap 137	one-sighting	terminull-brigade	review.unknown	201988059	~	verdict extended to content the reviewer never played (watched creators)	Took the time to watch a few content creators that are further into the game
open	4150	gap 157	one-sighting	terminull-brigade	review.unknown	213226072	~	review is a running ledger of the reward waves (orbs), not the game	i will be updating this every time it's used for orbs
open	4451	gap 181	watch	terminull-brigade	review.unknown	229578207	?	review body is about a different game (data-quality fact)	
open	4574	gap 190	build-on-third	aliens-fireteam-elite	review.unknown	99415093	~	the real review is on the reviewer's own site; Steam text is a pointer	my full review is on my site
open	5353	gap 232	open-gap	aliens-fireteam-elite	review.unknown	120700957	?	reviewer went back to the source to settle a claim against other reviewers	if you don't believe me rewatch the movie and count the amount and length of action scenes - I did
open	5461	gap 237	open-gap	aliens-fireteam-elite	review.unknown	125469181	?	reviewer asks other players for help in the review (inverse of players-teach-each-other-the-fix)	Anyone have any ideas whats going on?
open	5767	gap 252	open-gap	aliens-fireteam-elite	review.unknown	145398249	?	the whole review is written in character, nothing about the product	[Incoming Transmission...] This is Colonial Marine unit [REDACTED] aboard the Katanga...
open	5801	gap 254	open-gap	aliens-fireteam-elite	review.unknown	153050119	-	other players (community) defend the missing feature / the studio	pathetic excuse from players why it's missing.
open	6039	gap 264	open-gap	aliens-fireteam-elite	review.thumb-contradicts-text	170576202	~	thumb down over one explained design decision in a game called amazing	Game is amazing, why the thumbs down? 3 players?!?! In 2024, when you think co-op shooter, you think 4
open	6107	gap 266	open-gap	aliens-fireteam-elite	review.unknown	175061599	+	the review points at a video to make its case for buying	check out 'ALIENS Fireteam Elite - A Love Story' on YouTube.
open	6148	gap 269	open-gap	aliens-fireteam-elite	review.unknown	179057030	~	the money is worth it and the time is not	The game is worth your money, but its currently not worth your time?
open	6312	gap 279	open-gap	aliens-fireteam-elite	review.unknown	195447402	?	the reviewer apologises for how their own writing reads (sounds like AI)	Finally, I apologize if my English sounds like AI.
open	6516	gap 290	open-gap	aliens-fireteam-elite	review.unknown	214774513	?	the whole review is a link (URL to a screenshot), no claim	
open	6713	gap 302	open-gap	aliens-fireteam-elite	review.unknown	228598427	?	the review says who it is written for (newcomers)	Note: This review is for someone just entering the game for the first time.
open	6806	gap 309	open-gap	immortal-unchained	review.promotes-the-reviewers-own-curator-page	44984444	?	the reviewer was given the game (disclosed review copy from developer)	Review copy provided by developer
open	7197	gap 334	one-sighting	arc-raiders	review.thumb-is-a-protest-vote	209801698	-	refuses to support a game made with generative AI, whatever its quality	I cannot support this and it is actively ruining gaming, taking away jobs
open	7304	gap 338	watch	arc-raiders	review.unknown	218339519	?	takes a side in the streamer ban dispute; says nothing about the studio	Peaachxo [X] NessieDoes [✓]
open	7358	gap 338	watch	arc-raiders	review.unknown	222774359	?	third mention of the streamer ban dispute, nothing about the studio	Justice for Nessie
open	8581	round 342	one-sighting	remnant-2	review.unknown	223301401	~	the reviewer posted the same text under both Remnant games	
open	8629	round 348	one-sighting	risk-of-rain-2	review.unknown	56724222	~	the reviewer says their thumb will be buried and not read	to invalidate this review
open	8555	round 339	one-sighting	remnant-2	review.negative.unknown	203815579	-	refuses community fixes on principle	
open	1988	gap 67	open-gap	redfall	review.positive.unknown	138654399	?	so bad it's good - likes the game because its design is bad	To be honest this game is really bad but that's why I like it.
open	8573	round 341	one-sighting	remnant-2	review.positive.unknown	217277338	~	review reads like a store blurb, 0 hours played	
open	8854	round 367	watch	risk-of-rain-2	role-design.unknown	142162830	-	Commando complaint with no reason given	commando sukz
open	9153	round 382	watch	risk-of-rain-2	role-design.unknown	235158351	+	a defence of Commando (Commando tally)	says that commando is somehow the worst character
open	8623	round 347	watch	risk-of-rain-2	rough-in-places	55007934	-	the first game had X pattern (Rico-open) - more charm and magic in the art	
open	8022	round 315	one-sighting	space-marine-2	scope-mismatch.unknown	228059310	-	.tries-to-be-too-many-games-at-once	a horde shooter like the tide series, a hero shooter and a daily/weekly grind game
open	8660	round 352	one-sighting	risk-of-rain-2	servers.unknown	73939867	-	only problem is the servers	rough patches in the Seekers DLC onwards
open	8325	round 327	watch	remnant-2	shallow-options	150195079	-	marketing.positioning.the-sequel-dropped-something-the-first-game-had (pattern; Rico's call) - armour set perks gone	
open	8623	round 347	watch	risk-of-rain-2	successor-framing-accepted	54909270	+	the first game had X pattern (Rico-open) - the sequel fixed the labyrinthine maps (improvement)	
open	8721	round 358	one-sighting	risk-of-rain-2	the-abilities-are-no-fun-to-use	101996582	-	some survivors feel too simple; too few abilities	some survivors feel too simple, wish they had more abilities
open	8597	round 344	one-sighting	remnant-2	unfair-spawns	232251822	-	zero enemy placement design: quiet, then spawns behind you on a music cue	like ChatGPT before ChatGPT
open	8574	round 341	watch	remnant-2	unlock-pace.the-cap-stops-you-short	217281349	-	the first game had X pattern: marketing.positioning.the-sequel-dropped-something-the-first-game-had (Rico-open) - trait points maxed everything	
open	8606	round 345	one-sighting	risk-of-rain-2	user-created-content.unknown	50534342	-	an update broke the mods	
open	8071	round 317	one-sighting	remnant-2	world-interaction.unknown	143172124	-	the interact key picks the wrong target (ammo instead of revive)	or if some ammo is nearby and you pick up the ammo instead of ressing them.
open	8547	round 338	one-sighting	remnant-2	world-interaction.unknown	198583201	-	must wait for the NPC's idle animation to finish before interacting	
skip: joke	1280	gap 33	joke	helldivers-2	accessibility.unknown	214774240	+	the play itself suits the player's own condition (ADHD); possibly a subject	Pure chaos. Soothes ADHD braincells
skip: needs a new subject (Rico)	4349	round 210	needs-new-subject	terminull-brigade	accessibility.unknown	217246854	-	new accessibility subject for motion sickness / physical reaction to how the picture moves	even gives me motion sickness
skip: needs a new subject (Rico)	4435	round 211	needs-new-subject	terminull-brigade	accessibility.unknown	219828133	-	second sighting for motion-sickness/physical-reaction accessibility subject	the game has stuttered heavily, making playing the game headache inducing.
check: gap closed but bullet still on parked tag	2934	gap 92	closed-built	the-anacrusis	accessibility.hearing.unknown	117387804	-	built accessibility.hearing.the-subtitles-do-not-match-the-speech	even if they do show up out of sync with what is being said.
check: gap closed but bullet still on parked tag	4518	gap 184	closed-built	aliens-fireteam-elite	art.atmosphere.falls-flat	98954260	-	built narrative.world-and-setting.does-not-feel-like-the-source-it-adapts	It makes you wonder why it has the Alien IP at all
skip: joke	7659	round 298	joke	space-marine-2	community.culture.shared-ritual	176119107	-	joke about the parry timing	The Emperor Protects as long as you press the right button at the right time
check: gap closed but bullet still on parked tag	729	gap 17	closed-built	helldivers-2	community.developer-communication.listens-and-acts	164954987	+	`community.developer-communication.studio-stood-with-us-against-the-owner`	THE DEVS ARE GOATS. They supported us against AAA Sony.
check: gap closed but bullet still on parked tag	2914	gap 86	closed-built	the-anacrusis	community.developer-communication.listens-and-acts	146072452 108031523	~	built review.kept-as-a-ledger-of-what-the-studio-fixed	Finally, the update that makes promise on improved audio.
check: gap closed but bullet still on parked tag	3934	gap 148	closed-built	terminull-brigade	community.developer-communication.written-to-the-studio-not-to-the-buyer	202556859	-	built publishing.monetisation-practice.asks-to-be-sold-it-outright	Just make a paid model
skip: needs a new subject (Rico)	8170	round 321	needs-new-subject	remnant-2	community.developer-communication.unknown	144288399	-	no support channel from the publisher (publisher-communication split open with Rico)	Their is no support listed on Gearbox's website and steam just recommends articles.
skip: needs a new subject (Rico)	8432	round 332	needs-new-subject	remnant-2	community.developer-communication.support-request-went-unanswered	163945354	-	publisher support absent (publisher-communication split open with Rico)	Online help from ARC is a ghost town.
check: gap closed but bullet still on parked tag	5013	gap 198	closed-built	aliens-fireteam-elite	community.social-features.cannot-communicate	108073875	+	community.social-features.the-missing-chat-keeps-it-civil	does cut down on the chit chat
skip: Rico ruled	118	gap 4	rico-ruled	deep-rock-galactic	community.user-created-content.mods-extend-the-game	233552170	-	accessibility subjects for upsetting content (phobia, trauma, addiction, self-harm, mental-health-portrayal)	not the type of game you wanna play when you have a severe case of arachniphobia
check: gap closed but bullet still on parked tag	7489	round 290	closed-built	space-marine-2	game-design.enemy-design.unknown	174563824	-	hated enemy named (Chaos Spawns) without saying what it does wrong	
check: gap closed but bullet still on parked tag	7637	round 297	closed-built	space-marine-2	game-design.enemy-design.unknown	175773867	-	hated enemy (Chaos Spawns) still overtuned	
check: gap closed but bullet still on parked tag	7637	round 297	closed-built	space-marine-2	game-design.enemy-design.unknown	175207340	-	hated enemy faction (Chaos) with no reason given	
skip: joke	8613	round 346	joke	risk-of-rain-2	game-design.enemy-design.unknown	51241196	-	one named enemy cursed without a reason (hermit crabs)	would try to dodge the beam again
skip: joke	8613	round 346	joke	risk-of-rain-2	game-design.enemy-design.unknown	54395163	-	one named enemy cursed without a reason (Stone Titans)	would try to dodge the beam again
skip: joke	8613	round 346	joke	risk-of-rain-2	game-design.enemy-design.unknown	54395510	-	one-shot by the Stone Titan's "meme beam"	would try to dodge the beam again
skip: needs a new subject (Rico)	5779	round 227	needs-new-subject	aliens-fireteam-elite	game-design.game-feel.camera.narrow-view-is-a-handicap	146345676	-	accessibility subject (open with Rico): physical reaction, dizziness from narrow FoV	You have to download a mod to make it more bearable and not feel claustrophobic and dizzy.
skip: needs a new subject (Rico)	5834	round 228	needs-new-subject	aliens-fireteam-elite	game-design.game-feel.camera.narrow-view-is-a-handicap	153050119	-	accessibility subject (open with Rico): eye strain from missing FOV slider	After a short session of the game you eyes literally starts to hurt.
check: gap closed but bullet still on parked tag	7500	gap 349	closed-built	space-marine-2	game-design.game-feel.combat.unknown	174828489	-	.never-makes-you-feel-as-strong-as-the-fiction-says	The game is easy without you ever feeling powerful or like a Space Marine.
check: gap closed but bullet still on parked tag	7924	round 310	closed-built	space-marine-2	game-design.game-feel.combat.unknown	203836847	-	forced to alternate melee and ranged	you have to use both forms of combat in order to succeed
skip: joke	6505	gap 289	joke	aliens-fireteam-elite	game-design.pacing.unknown	211354457	-	the game needs a second screen to hold your attention	UNLESS YOU HAVE TIKTOK READILY AVAILABLE, DO NOT BUY THIS.
skip: needs a new subject (Rico)	8485	round 334	needs-new-subject	remnant-2	game-design.power-balance.options-feel-identical	175574627	-	relic/accessory increments too small to feel (a loot subject would split them)	wow, i can hold 1.34% more ammo, cool
skip: needs a new subject (Rico)	8486	round 334	needs-new-subject	remnant-2	game-design.power-balance.options-feel-identical	173099574	-	relic/accessory increments too small to feel (a loot subject would split them)	Accessories, while plentiful, offer only minor effects most of the time.
skip: needs a new subject (Rico)	8487	round 334	needs-new-subject	remnant-2	game-design.power-balance.options-feel-identical	155511319	-	relic/accessory increments too small to feel (a loot subject would split them)	
skip: needs a new subject (Rico)	8529	round 336	needs-new-subject	remnant-2	game-design.power-balance.some-options-are-useless	187405015	-	loot-subject evidence (needs game-design.loot subject, open with Rico) - rings as filler	way too many rings
check: gap closed but bullet still on parked tag	6477	gap 280	closed-built	aliens-fireteam-elite	game-design.progression.achievements.unknown	195447402	-	game-design.progression.achievements.only-repetition-completes-the-set	
check: gap closed but bullet still on parked tag	4529	gap 186	closed-built	aliens-fireteam-elite	game-design.progression.cosmetic-rewards.unknown	98587457	-	built game-design.progression.cosmetic-rewards.too-few-to-choose-from	
skip: needs a new subject (Rico)	5002	round 218	needs-new-subject	aliens-fireteam-elite	game-design.progression.unlock-pace.grind-feels-earned	102803296	+	missing game-design.loot subject: verdict on drop frequency and drop quality	Loot is a hard earned reward, as opposed to other games which constantly interrupt game-play by burying you with [junk] gear
skip: needs a new subject (Rico)	5365	round 222	needs-new-subject	aliens-fireteam-elite	game-design.progression.unlock-pace.satisfying-progression	120237242	+	missing game-design.loot subject: loot placement, signalling, survives a failed run	There is a 'Hidden Cache' loot in every mission to collect a nice additional bonus for mission complition
check: gap closed but bullet still on parked tag	7683	round 299	closed-built	space-marine-2	game-design.progression.unlock-pace.slow-start	176115434	-	the defensive move only works once upgraded	Countering barely works unless you have leveled your stats.
skip: needs a new subject (Rico)	8265	round 325	needs-new-subject	remnant-2	game-design.progression.unlock-pace.every-unlock-is-a-sideways-swap	146811389	+	loot that is never a numbered upgrade (praise; missing game-design.loot subject with Rico)	you never go from a level 10 blue shotgun to a level 11 purple shotgun
check: gap closed but bullet still on parked tag	8621	round 347	closed-built	risk-of-rain-2	game-design.progression.unlock-pace.unknown	55007934	-	essential items locked behind hard challenges	hard to find the teleporter at times
skip: needs a new subject (Rico)	4416	gap 169	needs-new-subject	terminull-brigade	game-design.ui-ux.missing-quality-of-life	216458142 223751951	-	new game-design.loot subject for drop quality; Rico's call	No, I don't want to equip that 16th piece of armor that has no relation to my element/damage type
check: gap closed but bullet still on parked tag	4673	gap 194	closed-built	aliens-fireteam-elite	game-design.ui-ux.hides-information	100234073	-	built game-design.ui-ux.does-not-show-what-is-left-to-earn	No indications of hidden guns or perks left to unlock.
skip: needs a new subject (Rico)	7156	gap 331	needs-new-subject	arc-raiders	game-design.ui-ux.missing-quality-of-life	209074145	-	inventory stack sizes are too small	the amount of items in a stack for most things in the game are incredibly low
skip: needs a new subject (Rico)	8582	round 342	needs-new-subject	remnant-2	game-design.ui-ux.managing-the-inventory-is-a-chore	223852717	-	loot-subject evidence (needs game-design.loot subject, open with Rico) - 500 rings, hard to keep track	
skip: joke	8738	round 359	joke	risk-of-rain-2	keeps-pulling-you-back	102848828	+	the encyclopaedia entry for dopamine pasted as the review	
check: gap closed but bullet still on parked tag	2004	gap 68	closed-built	redfall	live-ops.abandonment.updates-stopped	139653665	-	owner blamed for abandoning it (second home production.launch-state.rushed-out-by-the-owner)	i dont blame arcane for this, this was all on xbox
skip: Rico ruled	351	gap 7	rico-ruled	deep-rock-galactic	marketing.expectation-management.let-me-try-before-buying	216641057	~	`marketing.discovery.came-through-a-subscription`	gamepasss ran out so now playing on steam. Great game
check: gap closed but bullet still on parked tag	1847	gap 60	closed-built	redfall	marketing.promise-vs-reality.delivered-less-than-promised	138538137	-	`engineering.matchmaking.no-public-matchmaking`	this game was marketed as a co-op experience, but there is no public matchmaking.
skip: needs a new subject (Rico)	5544	round 224	needs-new-subject	aliens-fireteam-elite	marketing.reputation.unknown	129116744	-	publisher and all its studios routinely fail (publisher-level subject split, open with Rico)	something Focus and their child studios routinely prove to be inept at understanding.
check: gap closed but bullet still on parked tag	577	gap 13	closed-built	helldivers-2	narrative.world-and-setting.world-worth-exploring	159572833	~	a live, directed ongoing campaign players follow outside the client	The game stretches beyond the application.
check: gap closed but bullet still on parked tag	3008	gap 106	closed-built	the-anacrusis	narrative.world-and-setting.setting-feels-thin	140195700	-	built game-design.level-design.nothing-in-the-place-says-what-happened-here	no indications of other survivors than yourselves, no gore-splatter, no signage
skip: joke	5823	gap 256	joke	aliens-fireteam-elite	narrative.world-and-setting.gets-its-subject-right	150118463	+	the fiction is read as being about the player's own life	cry that their lives belong to corporations just like ours. 10/10
check: gap closed but bullet still on parked tag	8271	round 325	closed-built	remnant-2	narrative.world-and-setting.unknown	146779750	-	world-and-setting.the-lore-arrives-in-dumps	They usually lore dump you a lot of information though.
skip: needs a new subject (Rico)	8437	round 332	needs-new-subject	remnant-2	power-balance.some-options-are-useless	163946710	-	loot.one-filler-type-crowds-out-the-rest (needs game-design.loot subject, open with Rico)	you will very soon collect DOZENS of rings, amulets, relics
skip: needs a new subject (Rico)	6242	round 234	needs-new-subject	aliens-fireteam-elite	production.content-amount.too-little	189604866	+	missing game-design.loot subject (Rico's call): likes the loot box, wants more	One of the things I enjoy is the loot box you can find on each level. I wish there was more than one.
skip: joke	6301	gap 278	joke	aliens-fireteam-elite	production.craftsmanship.unknown	192080525	-	the game is judged by its desktop icon	Fireteam Elite continues the franchise's 26-year running tradition of very low quality desktop icons.
skip: joke	9244	round 389	joke	warframe	progression.complexity.unknown	11594123	~	after 1,500 hours just learned a basic movement interaction (joke-shaped)	
skip: needs a new subject (Rico)	4179	round 201	needs-new-subject	terminull-brigade	publishing.availability.my-country-is-missing-from-the-in-game-list	201711547 212806425	?	localization subject for how a game represents places; open question for Rico	
check: gap closed but bullet still on parked tag	9265	round 391	closed-built	warframe	publishing.monetisation-practice.unknown	13746977	-	things that should be free, like colour palettes, are charged for	
skip: joke	8905	round 370	joke	risk-of-rain-2	randomness.unknown	162957923	~	Shrine of Chance joke about the gamble	
skip: joke	8905	round 370	joke	risk-of-rain-2	randomness.unknown	162957541	~	Shrine of Chance joke about the gamble	
skip: joke	4561	gap 189	joke	aliens-fireteam-elite	review.unknown	98958767	?	review is not about a game at all (aliens conspiracy piece)	not realistic to ones i've seen
skip: joke	6700	gap 301	joke	aliens-fireteam-elite	review.calls-it-average-rather-than-good-or-bad	223722635	-	replay value depends on the player forgetting how mid it is	great game to play with your friends once every 9 weeks so you forget how mid it is every time you play it again.
check: gap closed but bullet still on parked tag	7701	round 300	closed-built	space-marine-2	review.says-they-are-the-target-audience	176593790	+	made for its core fans, not a wider audience	
skip: joke	8779	round 362	joke	risk-of-rain-2	review.unknown	120698411	?	unreadable one-liner under a thumbs-up	
skip: joke	9329	round 395	joke	warframe	review.unknown	18800335	?	a jab at the game's Chinese-market release cast as a recommendation	
skip: joke	4453	gap 183	joke	terminull-brigade	review.negative.unknown	228015594	-	game measured by absence of fan-made (Rule 34) art	You know it's bad when even Rule 34 artists don't want to touch it
skip: joke	8910	round 370	joke	risk-of-rain-2	review.negative.unknown	158927620	?	one-word thumbs-down with no content	gyat
skip: joke	9062	round 377	joke	risk-of-rain-2	review.negative.unknown	203830802	?	rain joke under a thumbs-down	Not enough rain
skip: joke	2797	gap 104	joke	the-anacrusis	review.positive.unknown	130973653 132070561	~	review is ASCII-art picture with nothing to read; noted as should never be built	
skip: joke	8928	round 371	joke	risk-of-rain-2	review.positive.unknown	166427424	~	three-word joke review, 46 helpful	Risk of Ruin 2
skip: joke	9102	round 379	joke	risk-of-rain-2	review.positive.unknown	217819459	+	a joke review with 324 helpful votes	
skip: needs a new subject (Rico)	8292	round 326	needs-new-subject	remnant-2	reward-moment.the-payout-lands-flat	148307667	-	nothing drops at random; everything is staged (loot-subject evidence)	No random drops its all set and staged in specific areas.
skip: joke	8872	round 368	joke	risk-of-rain-2	role-design.unknown	147831882	?	a Commando joke, not a complaint	Commandussy
check: gap closed but bullet still on parked tag	8159	round 320	closed-built	remnant-2	stability.rock-solid	144296899	~	review.argues-with-the-other-reviews	I doubt they are telling the truth ... maybe it's your system.
skip: joke	8793	round 363	joke	risk-of-rain-2	stability.unknown	123106217	+	god-run joke about crashing the computer	
